targetid,fiber,ra,dec,wavelength,flux,snr,width_pixels,tile,camera
616088381360702509,96,66.73368979059998,-6.40113134498838,6565.600000000183,81.46575164794922,14.105677604675293,2,80612,R
616088387366944895,97,66.71186884310212,-6.3582557091330605,6565.600000000183,63.55979919433594,11.884756088256836,2,80612,R
616094190006174777,107,144.2663685398671,64.59654174215231,6660.800000000205,66.52850341796875,15.314643859863281,2,80621,R
616094190001979999,143,144.0245464890654,64.49870345438312,6914.4000000002625,296.9068298339844,39.165706634521484,2,80621,R
616094184717156732,381,144.39900964655567,63.9487014285318,6711.200000000216,620.030517578125,58.33070373535156,2,80621,R
616094184717156653,384,144.55332908771072,63.932918759690615,7005.600000000283,94.48387908935547,15.69015121459961,2,80621,R
616094182036996977,472,144.47621635474187,63.80623498504606,6279.200000000118,58.50621795654297,11.278453826904297,3,80621,R
616088338884985050,157,36.04657954674128,-8.329139330308873,5856.000000000022,1258.8126220703125,12.587113380432129,2,80635,R
616088332899714052,394,35.75154355344379,-8.407680389325176,7590.400000000416,1085.1082763671875,10.850314140319824,2,80635,R
616088356844994739,441,35.97607076397824,-7.589977774034817,5766.4000000000015,1310.120361328125,13.100469589233398,2,80635,R
616089253385864335,494,145.2399547996847,31.122294777247678,6628.000000000197,24.17935562133789,14.220659255981445,3,80651,R
616093762216526435,269,149.43859385840966,36.496324483793096,5952.800000000044,22.721410751342773,15.57759952545166,2,80652,R
616093752452186540,457,149.72084403456589,35.966095111889686,6906.400000000261,17.295406341552734,13.623943328857422,2,80652,R
616088041978594241,254,85.72497815986851,-20.925366376661422,6564.800000000183,5.42383337020874,11.579977989196777,3,80673,R
616088041978594030,270,85.73324092541245,-20.96815926349617,6564.800000000183,5.05352783203125,10.470083236694336,2,80673,R
616088053278048864,424,85.50097080077373,-20.501634131148833,6564.800000000183,6.0622663497924805,12.70617961883545,2,80673,R
616088053278048940,448,85.44938054574041,-20.48460664552643,6564.800000000183,6.212437152862549,13.063858032226562,2,80673,R
616089263729018022,280,144.87679050571637,31.62367640550278,7184.800000000324,2701.5322265625,27.01496124267578,2,80697,R
616089258570023811,352,145.36454301488385,31.313555014755714,5760.8,19519.30078125,10.238656044006348,2,80697,R
616089258570023811,352,145.36454301488385,31.313555014755714,5763.200000000001,21801.966796875,11.436005592346191,2,80697,R
616089258570023811,352,145.36454301488385,31.313555014755714,5765.600000000001,29494.84375,15.471227645874023,2,80697,R
616089258570023811,352,145.36454301488385,31.313555014755714,5769.600000000002,58059.03125,30.454288482666016,2,80697,R
616089258570023811,352,145.36454301488385,31.313555014755714,5771.200000000003,45420.80078125,23.825031280517578,2,80697,R
616089258570023811,352,145.36454301488385,31.313555014755714,5772.800000000003,24612.01953125,12.909990310668945,2,80697,R
616089258570023811,352,145.36454301488385,31.313555014755714,5787.200000000006,23346.0390625,12.245933532714844,2,80697,R
616089258570023811,352,145.36454301488385,31.313555014755714,5798.400000000009,19425.076171875,10.189230918884277,3,80697,R
616089258570023811,352,145.36454301488385,31.313555014755714,7612.000000000421,27576.3671875,14.464909553527832,3,80697,R
616094173778411628,210,133.44945209901755,62.89869210589247,6446.400000000156,19.775638580322266,10.6502103805542,2,80720,R
616088533139980891,46,128.18864472888117,-0.24639734799181479,6268.0000000001155,14.436860084533691,12.633308410644531,3,80722,R
616088545227964729,143,128.50888272345355,0.18053327440509118,7278.400000000345,20.265913009643555,11.801734924316406,2,80722,R
616094027074241255,6,173.47044805780826,51.776835539080245,7136.000000000313,20.05776596069336,23.59756088256836,2,80730,R
616094023320338909,326,174.13393258064212,51.46908727436089,5920.000000000036,26.004365921020508,17.68439483642578,2,80730,R
616088587863064741,19,149.81751022626216,1.9062249581935569,6826.4000000002425,29.94095230102539,14.629914283752441,2,80742,R
616088587871454220,208,150.34874621336866,2.0879516563615614,6431.200000000153,52.127235412597656,18.01138687133789,2,80742,R
616088581823267092,222,149.7717209884839,1.6714337242367179,7016.000000000286,19.13518524169922,11.350540161132812,2,80742,R
616088593907056643,236,150.2307093742328,2.1264562978272417,7020.0000000002865,22.835750579833984,12.949466705322266,2,80742,R
616088593911251607,279,150.2570447485494,2.260729936259671,5928.000000000038,29.82286834716797,11.631075859069824,3,80742,R
616088593911251607,279,150.2570447485494,2.260729936259671,6123.200000000083,44.84811782836914,19.176921844482422,3,80742,R
616088581835849935,331,150.51167413356686,1.659715996685212,6388.000000000143,30.74651527404785,14.965304374694824,3,80742,R
616088581835849935,331,150.51167413356686,1.659715996685212,6424.000000000151,42.13433837890625,18.02271270751953,2,80742,R
616088575796052448,333,150.56533910584852,1.4663394870486326,6516.800000000172,29.93120002746582,13.504307746887207,3,80742,R
616088575791858799,337,150.3875591168056,1.6126962048337246,5870.400000000025,33.44995880126953,11.961736679077148,3,80742,R
616088575791858799,337,150.3875591168056,1.6126962048337246,6039.2000000000635,25.18720054626465,10.935591697692871,2,80742,R
616088575796052702,348,150.5014161984194,1.524195065748948,7362.400000000364,23.059011459350586,11.67846965789795,2,80742,R
616088587871453731,354,150.33826156750385,1.9851893147773039,6768.800000000229,24.62639617919922,13.319028854370117,3,80742,R
616088581823266934,357,149.90452354441803,1.6475651683079136,7186.400000000324,19.76226043701172,11.358502388000488,2,80742,R
616088575783469565,363,149.85836477661815,1.473836328614862,6601.600000000191,24.6663761138916,13.247085571289062,3,80742,R
616094233102648438,3,120.01976196852767,69.1101952265005,6892.800000000258,19.38344383239746,18.07820701599121,2,80938,R
616094230904832619,61,119.97120167247674,68.74953955350735,6980.800000000278,14.904592514038086,14.2662353515625,2,80938,R
616094233098453973,106,119.75995721085583,69.084055509423,7246.400000000338,19.094924926757812,13.537124633789062,3,80938,R
616094233102647961,243,120.46029161153115,69.01118810654755,6790.400000000234,20.112667083740234,18.87143325805664,3,80938,R
616094233102647961,243,120.46029161153115,69.01118810654755,6792.000000000235,10.747864723205566,10.465203285217285,2,80938,R
616094235279491484,258,120.60647789245422,69.20624122464791,6294.4000000001215,16.702865600585938,11.221871376037598,2,80938,R
616094228677657389,372,119.6182172179279,68.54113004876915,7240.800000000337,21.479339599609375,17.157678604125977,3,80938,R
616094233283002390,81,149.79101312101545,68.87643421134986,6426.4000000001515,11.897367477416992,10.966424942016602,3,80944,R
616094231085187639,92,149.74233946659908,68.7411139552874,6925.600000000265,13.061722755432129,13.491312026977539,3,80944,R
616094235451458084,110,149.40897941193225,69.23587295219795,7484.800000000392,12.347265243530273,12.59729290008545,2,80944,R
616094235451457658,115,149.52704328297298,69.1449452899204,6260.800000000114,12.925209999084473,14.554672241210938,3,80944,R
616094228866401078,171,149.88234249263186,68.54850630669158,7243.200000000337,14.70091438293457,11.407853126525879,3,80944,R
616094231085187835,248,149.30600095592803,68.77606996164752,6427.200000000152,12.365575790405273,13.30309009552002,3,80944,R
616094231093575875,341,150.84426088180732,68.65643045501903,5940.800000000041,186.58567810058594,24.18067741394043,2,80944,R
616094228870595376,342,150.67781994554085,68.54482894336878,5940.800000000041,131.17112731933594,29.48588752746582,2,80944,R
616094231093575958,452,150.5914356440266,68.67549827764267,6478.400000000163,21.25092124938965,15.859506607055664,3,80944,R
616094231093575848,492,150.6849605000283,68.64966822361197,6818.400000000241,7.699971675872803,10.222567558288574,3,80944,R
616094300551250325,27,163.71402278842294,78.95133200365407,6130.400000000084,69.07177734375,15.347151756286621,3,80949,R
616094300551250325,27,163.71402278842294,78.95133200365407,6571.200000000184,72.3572998046875,15.801831245422363,3,80949,R
616094300551250325,27,163.71402278842294,78.95133200365407,6722.400000000219,83.91096496582031,19.153043746948242,2,80949,R
616094300555444783,47,164.4615692919079,78.98064852201666,6103.200000000078,55.55802917480469,13.075763702392578,3,80949,R
616094300555444520,62,165.16344810775556,78.9311835732282,7307.200000000352,67.1210708618164,16.618375778198242,2,80949,R
616094299368456559,65,164.257751867259,78.69559852057586,6312.800000000126,81.2782211303711,15.940940856933594,3,80949,R
616094300555444540,89,165.7216056634474,78.94083156414058,5990.400000000052,114.87144470214844,22.399324417114258,2,80949,R
616094300555444540,89,165.7216056634474,78.94083156414058,6127.2000000000835,56.89854431152344,12.619757652282715,3,80949,R
616094300555444540,89,165.7216056634474,78.94083156414058,6505.6000000001695,60.82896423339844,14.490801811218262,3,80949,R
616094299368456763,92,164.49511836365534,78.73874066951288,5953.600000000044,48.90113830566406,10.477385520935059,2,80949,R
616094299368456564,94,164.0866166044959,78.69416202750458,6449.600000000157,57.38922882080078,13.79666805267334,3,80949,R
616094299368456564,94,164.0866166044959,78.69416202750458,7475.20000000039,54.02463150024414,14.6752347946167,2,80949,R
616094300551250866,106,164.4406142396133,79.0750126926234,6227.200000000106,46.93245315551758,10.416213035583496,2,80949,R
616094300551250866,106,164.4406142396133,79.0750126926234,6780.800000000232,43.91244125366211,10.556032180786133,3,80949,R
616094300551250866,106,164.4406142396133,79.0750126926234,7075.200000000299,194.27244567871094,34.040565490722656,2,80949,R
616094300551250866,106,164.4406142396133,79.0750126926234,7383.200000000369,56.60159683227539,12.787555694580078,3,80949,R
616094302837146023,126,164.99645438757707,79.45937024515294,6764.8000000002285,145.72149658203125,34.74319839477539,3,80949,R
616094302841340592,131,165.5414090120499,79.51114804175249,6834.400000000244,60.42721939086914,15.337432861328125,3,80949,R
616094300551250777,133,163.79742459491604,79.0557109792625,7309.600000000352,73.81771087646484,19.32462501525879,2,80949,R
616094302841341122,138,165.3468327504027,79.62323715130694,5977.6000000000495,97.50519561767578,20.51258087158203,3,80949,R
616094302841341122,138,165.3468327504027,79.62323715130694,7487.200000000393,50.4097785949707,10.478292465209961,2,80949,R
616094302837146444,149,164.95258172512422,79.55566024279518,5804.00000000001,257.9478454589844,22.429706573486328,2,80949,R
616094302837146444,149,164.95258172512422,79.55566024279518,6730.400000000221,60.24346923828125,14.50759220123291,2,80949,R
616094298160497844,159,165.9276226364216,78.6235212304438,6034.400000000062,102.1137924194336,19.30006217956543,3,80949,R
616094298160497844,159,165.9276226364216,78.6235212304438,7235.200000000335,39.583133697509766,10.168966293334961,3,80949,R
616094298156303119,171,164.75847096578147,78.54110705049288,7528.000000000402,60.68101501464844,14.744815826416016,3,80949,R
616094299368456192,183,164.89216517525415,78.62579782210733,7280.000000000346,66.15878295898438,16.002384185791016,3,80949,R
616094300559639492,208,166.32667324498655,79.0720769180849,6952.000000000271,61.10176467895508,13.72367000579834,3,80949,R
616094300559639492,208,166.32667324498655,79.0720769180849,6959.200000000273,55.60881805419922,12.472761154174805,3,80949,R
616094301713072316,210,166.26260298435025,79.16229815275845,7033.60000000029,60.801876068115234,14.475847244262695,3,80949,R
616094299368457132,213,163.7517210830479,78.81917331592248,6001.600000000055,89.603271484375,16.04349708557129,3,80949,R
616094299368457132,213,163.7517210830479,78.81917331592248,7457.600000000386,86.56021881103516,20.73634910583496,3,80949,R
616094300559639256,215,165.9599803337257,79.02569814082632,6679.200000000209,50.870540618896484,12.26243782043457,3,80949,R
616094300559639256,215,165.9599803337257,79.02569814082632,7417.600000000377,60.46865463256836,15.275797843933105,2,80949,R
616094300559639568,220,166.07899016560611,79.08741781622803,6947.20000000027,47.3646354675293,12.02266788482666,3,80949,R
616094299364262381,224,163.54190753817193,78.72925277954035,5947.200000000043,54.6540412902832,10.981344223022461,3,80949,R
616094301713072259,236,165.73066892760014,79.14282945454538,5924.8000000000375,106.56465911865234,17.718778610229492,2,80949,R
616094300555445241,239,165.69894246945015,79.08651185242314,6976.0000000002765,45.8641242980957,11.05201244354248,2,80949,R
616094299368456361,246,163.79759292291706,78.65374646165033,7068.000000000297,54.09025192260742,10.403128623962402,2,80949,R
616094301708878878,267,165.2983641545204,79.34422034121434,6447.200000000156,116.53556060791016,25.00633430480957,2,80949,R
616094301708878711,277,164.9986067098802,79.31349496130524,7251.200000000339,55.68311309814453,14.346322059631348,2,80949,R
616094302841340099,297,165.68079327624105,79.40773562227082,7297.60000000035,43.229225158691406,10.185794830322266,3,80949,R
616094298160497587,302,166.36984976915505,78.57368815232752,7046.4000000002925,49.6524772644043,10.212096214294434,2,80949,R
616094298160497183,308,165.80058339936238,78.4887550567693,5777.600000000004,735.6484375,14.817187309265137,2,80949,R
616094299376844918,309,166.9335214113471,78.64847344992504,6289.60000000012,118.06951904296875,22.26525115966797,2,80949,R
616094298164691677,312,166.45430759026078,78.52445842820994,5879.200000000027,299.3755187988281,42.22102737426758,2,80949,R
616094299376845133,315,166.73365922889448,78.69384784214341,6952.800000000271,70.28590393066406,16.725807189941406,3,80949,R
616094299376844811,330,167.0229108713965,78.62636298132355,6129.600000000084,68.2576675415039,14.493294715881348,3,80949,R
616094298164691338,333,167.37251236536574,78.45787092379828,7557.600000000409,93.02532958984375,18.06840705871582,2,80949,R
616094298164691523,340,166.97000345036076,78.48881634265967,5912.000000000035,68.2002944946289,13.902871131896973,3,80949,R
616094298164691445,343,167.26149134165723,78.47376339481035,6049.600000000066,89.24346923828125,16.593656539916992,2,80949,R
616094298164691445,343,167.26149134165723,78.47376339481035,6475.200000000163,47.613006591796875,10.741145133972168,3,80949,R
616094298160497426,344,165.8733879913624,78.5411513249943,6464.00000000016,57.81287384033203,14.27762222290039,2,80949,R
616094298152108629,358,163.9132816554344,78.49732378029624,6060.000000000068,81.64308166503906,17.89693260192871,3,80949,R
616094298152108629,358,163.9132816554344,78.49732378029624,6920.000000000264,52.2181396484375,10.644718170166016,2,80949,R
616094298152108629,358,163.9132816554344,78.49732378029624,7194.400000000326,88.07878112792969,21.350772857666016,2,80949,R
616094300559638674,383,166.81771149358542,78.89866441899676,6607.200000000193,73.33145904541016,18.177743911743164,2,80949,R
616094298152108390,398,163.69514568101852,78.45107859650356,6102.400000000078,103.93299102783203,17.699188232421875,2,80949,R
616094298152108390,398,163.69514568101852,78.45107859650356,6115.200000000081,111.50556182861328,23.068222045898438,2,80949,R
616094303944442723,403,165.0179431594597,79.79864372255231,6452.8000000001575,70.91128540039062,15.911966323852539,2,80949,R
616094302837145793,411,164.40897289967876,79.40644309018965,6672.800000000208,65.74285125732422,15.28454303741455,2,80949,R
616094301708879034,436,164.66515748893784,79.373519439483,5855.200000000022,103.9294662475586,14.263628959655762,3,80949,R
616094301708879034,436,164.66515748893784,79.373519439483,7530.4000000004025,133.39892578125,26.04955291748047,2,80949,R
616094301708879034,436,164.66515748893784,79.373519439483,7546.400000000406,60.761985778808594,11.281514167785645,3,80949,R
616094303944441922,442,164.85903428474487,79.62771832033411,7031.200000000289,44.85539245605469,11.71241283416748,2,80949,R
616094303940248007,448,164.76915992821418,79.71939040227768,6760.000000000227,60.155208587646484,15.637457847595215,3,80949,R
616094303940248007,448,164.76915992821418,79.71939040227768,6816.80000000024,43.90769958496094,10.055583953857422,2,80949,R
616094299372650674,452,166.05823216655043,78.65669257877595,6547.200000000179,70.04582214355469,15.433694839477539,3,80949,R
616094299372650674,452,166.05823216655043,78.65669257877595,6562.400000000182,68.74236297607422,15.70882797241211,2,80949,R
616094299376845511,464,166.99493269815216,78.77070334009679,6280.000000000118,66.8060531616211,14.360403060913086,3,80949,R
616094299376845511,464,166.99493269815216,78.77070334009679,6444.0000000001555,168.50860595703125,30.834823608398438,2,80949,R
616094298156302511,465,165.20381973687014,78.40725052845896,6451.200000000157,75.84461975097656,17.794038772583008,3,80949,R
616094298156302511,465,165.20381973687014,78.40725052845896,6501.600000000169,84.68067932128906,19.516510009765625,2,80949,R
616094298156302511,465,165.20381973687014,78.40725052845896,6976.800000000277,79.37879180908203,18.598852157592773,3,80949,R
616094298156302677,478,164.2452442484756,78.44175726660984,5816.000000000013,226.45703125,22.738658905029297,3,80949,R
616094298156302677,478,164.2452442484756,78.44175726660984,6180.800000000096,74.22893524169922,15.533244132995605,3,80949,R
616094298156302677,478,164.2452442484756,78.44175726660984,6914.4000000002625,48.941280364990234,10.34860610961914,3,80949,R
616094298156302863,483,165.13261523194035,78.48082796187879,5827.200000000015,163.5555419921875,16.68487548828125,2,80949,R
616094298160496879,497,165.36063813969568,78.41808735058413,7425.600000000379,57.180381774902344,14.93829345703125,3,80949,R
616094299376844867,498,166.22653496690396,78.63343346312641,6653.600000000203,77.63009643554688,18.58901023864746,3,80949,R
616094233463358563,3,179.95812814315858,69.11482878481715,6913.600000000262,15.734673500061035,14.706897735595703,3,80950,R
616094233463357687,41,179.95576232918458,68.92859288859712,6045.600000000065,47.395652770996094,31.488779067993164,2,80950,R
616094233463357687,41,179.95576232918458,68.92859288859712,6471.200000000162,33.710723876953125,27.933752059936523,2,80950,R
616094231269736745,65,179.66049758777032,68.6849002842022,5928.800000000038,18.11338233947754,14.697415351867676,2,80950,R
616094231269737209,78,179.47676116263494,68.77613987406839,6969.600000000275,11.83973217010498,12.085699081420898,2,80950,R
616094233467551940,88,180.27324217758607,68.9097764436748,6596.00000000019,14.92531681060791,16.51936912536621,2,80950,R
616094233467551940,88,180.27324217758607,68.9097764436748,6652.800000000203,22.873220443725586,21.12223243713379,2,80950,R
616094229055144974,164,180.21584070671113,68.58863514075207,5968.000000000047,17.077014923095703,12.445352554321289,2,80950,R
616094231273931095,182,180.1221921509103,68.69261729373491,5915.200000000035,18.287586212158203,14.151113510131836,3,80950,R
616094235636007533,252,180.15313006587758,69.24621242643944,6907.200000000261,13.080706596374512,12.431700706481934,2,80950,R
616094231278125613,481,180.71491303853966,68.73271979480333,6330.40000000013,22.049232482910156,17.597335815429688,2,80950,R
616094231278125613,481,180.71491303853966,68.73271979480333,6767.200000000229,25.36621856689453,24.398569107055664,2,80950,R
616094272088703254,41,180.01357908797866,73.92426918109767,6280.800000000118,17.783235549926758,11.70363712310791,3,80951,R
616094272088703254,41,180.01357908797866,73.92426918109767,6328.000000000129,20.905900955200195,13.784774780273438,3,80951,R
616094270394205078,58,179.7938962219365,73.81780655769212,6215.2000000001035,24.193546295166016,14.04680061340332,3,80951,R
616094270394204760,61,179.87258307303938,73.75344131814452,6348.800000000134,52.50551223754883,30.85396957397461,2,80951,R
616094270394204760,61,179.87258307303938,73.75344131814452,6932.0000000002665,26.311418533325195,15.44136905670166,2,80951,R
616094270398399320,67,180.4666983436715,73.80112510082982,7446.400000000383,36.41889190673828,22.853179931640625,2,80951,R
616094270398399257,70,180.28704731602807,73.79109868026994,6446.400000000156,30.729209899902344,21.175209045410156,2,80951,R
616094270394205294,90,179.63453004048088,73.85853379087963,6003.200000000055,65.7031478881836,31.16130256652832,2,80951,R
616094270394205294,90,179.63453004048088,73.85853379087963,7246.400000000338,18.869434356689453,10.167102813720703,2,80951,R
616094270398399575,96,180.1995172147774,73.85739047630092,6039.2000000000635,40.68254852294922,23.65438461303711,2,80951,R
616094270398399575,96,180.1995172147774,73.85739047630092,6040.800000000064,36.22399139404297,20.604690551757812,2,80951,R
616094270398399575,96,180.1995172147774,73.85739047630092,7298.40000000035,14.641186714172363,11.232166290283203,2,80951,R
616094273749647654,123,179.62927562472794,74.18633888620849,7196.0000000003265,32.39514923095703,20.933917999267578,2,80951,R
616094275393815101,124,180.56315932621519,74.49622980631499,6815.20000000024,14.502263069152832,11.440918922424316,3,80951,R
616094275393815317,131,180.41056320891545,74.53372611135434,6591.200000000189,25.69730567932129,18.4261474609375,3,80951,R
616094275389621100,149,179.99364398809922,74.56281147571103,6173.600000000094,43.55841827392578,14.958627700805664,2,80951,R
616094275389621100,149,179.99364398809922,74.56281147571103,7294.400000000349,15.756369590759277,12.155572891235352,3,80951,R
616094270398398726,172,180.45098932117187,73.67835017776295,6111.20000000008,35.19778823852539,20.27910041809082,3,80951,R
616094270398398726,172,180.45098932117187,73.67835017776295,6874.400000000253,22.36015510559082,14.863709449768066,2,80951,R
616094268678734674,177,179.75245685901268,73.55599031307726,7267.200000000343,23.578540802001953,17.340633392333984,2,80951,R
616094268678734674,177,179.75245685901268,73.55599031307726,7500.800000000396,24.09248161315918,16.49102783203125,2,80951,R
616094268678734258,192,179.65274161531565,73.4660300425526,6621.600000000196,55.90156173706055,32.49399185180664,2,80951,R
616094268678734258,192,179.65274161531565,73.4660300425526,7404.000000000374,21.51810646057129,11.779879570007324,2,80951,R
616094272088703958,208,180.87014119999498,74.07975834302765,7269.600000000343,29.587505340576172,18.706153869628906,2,80951,R
616094270390009935,238,178.8748996776379,73.63392966924195,7017.600000000286,27.38099479675293,18.302125930786133,3,80951,R
616094273749648246,251,179.71359101896263,74.30608201776224,6529.600000000175,31.703813552856445,22.696063995361328,2,80951,R
616094273749648246,251,179.71359101896263,74.30608201776224,6935.200000000267,27.326339721679688,20.0290470123291,3,80951,R
616094273749648246,251,179.71359101896263,74.30608201776224,7105.600000000306,12.970344543457031,10.450238227844238,3,80951,R
616094273753842008,256,180.11690821391105,74.19125873284457,6664.800000000206,31.992549896240234,22.863117218017578,3,80951,R
616094273753842008,256,180.11690821391105,74.19125873284457,6985.600000000279,14.50229263305664,10.855551719665527,2,80951,R
616094273753842008,256,180.11690821391105,74.19125873284457,7120.800000000309,24.502094268798828,18.294418334960938,2,80951,R
616094273753842008,256,180.11690821391105,74.19125873284457,7276.800000000345,34.93678665161133,18.9962100982666,3,80951,R
616094273753842344,279,180.49831728018512,74.26575247228904,6384.800000000142,21.474369049072266,13.745646476745605,3,80951,R
616094273749647822,288,179.82753430301887,74.22226893869164,6730.400000000221,17.297809600830078,11.578654289245605,3,80951,R
616094268682929145,318,180.8346774644359,73.58575814194124,6028.800000000061,64.59353637695312,33.40168380737305,2,80951,R
616094268687123263,320,181.0682513263957,73.54618372581464,6536.800000000177,59.02211380004883,33.604095458984375,2,80951,R
616094268682928977,329,180.63644025319837,73.54863033064517,6497.600000000168,16.60343360900879,11.711871147155762,2,80951,R
616094268674540010,363,179.1237111498284,73.47695352452403,6466.400000000161,20.85430145263672,14.093249320983887,3,80951,R
616094270398399491,381,180.57814800697244,73.84009281463271,6820.000000000241,30.610260009765625,20.263025283813477,3,80951,R
616094277008622581,403,180.01271177720298,74.83064747420669,6267.200000000115,36.438018798828125,22.74454689025879,3,80951,R
616094277008621769,416,180.20752263792383,74.65963722198633,6197.6000000000995,17.350250244140625,10.407864570617676,2,80951,R
616094277008621769,416,180.20752263792383,74.65963722198633,6200.0000000001,34.97926330566406,18.185699462890625,2,80951,R
616094277008621769,416,180.20752263792383,74.65963722198633,7412.800000000376,24.982406616210938,18.8452205657959,2,80951,R
616094277008622012,437,180.2770189748847,74.71254492501087,6732.800000000221,23.22955322265625,15.616573333740234,2,80951,R
616094275393815738,446,180.38500837780848,74.62352619385504,6055.200000000067,36.410133361816406,21.71683120727539,2,80951,R
616094270402593243,453,181.23669743717838,73.72374315303851,6144.000000000087,18.347654342651367,10.58573055267334,2,80951,R
616094270402593377,486,181.4157455647031,73.75001917188489,6184.000000000096,38.1191520690918,22.490976333618164,2,80951,R
616094270402593377,486,181.4157455647031,73.75001917188489,6724.000000000219,33.20365905761719,20.42837905883789,2,80951,R
616094268682928256,497,180.2926250585768,73.3946773217706,7036.80000000029,36.51449966430664,24.694019317626953,2,80951,R
616094268682928256,497,180.2926250585768,73.3946773217706,7328.800000000357,31.826513290405273,23.768770217895508,2,80951,R
616094300601581777,1,178.71040828478232,78.90707492038132,7223.200000000333,16.84992027282715,11.561753273010254,3,80952,R
616094300601582361,5,179.12811202958375,79.03496043269766,6964.800000000274,15.390697479248047,10.25977611541748,3,80952,R
616094300601582361,5,179.12811202958375,79.03496043269766,7456.800000000386,15.71021556854248,10.851851463317871,2,80952,R
616094299414594523,8,178.51761520757518,78.83484064725732,6473.600000000162,29.009462356567383,16.416095733642578,2,80952,R
616094300601582414,13,179.80564083941368,79.051447266263,7396.000000000372,16.765052795410156,11.164722442626953,2,80952,R
616094300601582108,47,179.4212485029597,78.9813247668764,5803.20000000001,55.340938568115234,13.81846809387207,2,80952,R
616094300601582108,47,179.4212485029597,78.9813247668764,6229.600000000107,18.50749969482422,11.861294746398926,3,80952,R
616094300601582108,47,179.4212485029597,78.9813247668764,6471.200000000162,17.99747657775879,10.46982192993164,3,80952,R
616094299422983087,74,180.03112550167626,78.81501481135933,6116.000000000081,22.76051902770996,12.451913833618164,2,80952,R
616094299422983087,74,180.03112550167626,78.81501481135933,6509.60000000017,23.131946563720703,11.265951156616211,3,80952,R
616094299422983087,74,180.03112550167626,78.81501481135933,6569.600000000184,21.2381591796875,11.486433029174805,2,80952,R
616094299422983087,74,180.03112550167626,78.81501481135933,6975.200000000276,26.56643295288086,16.746482849121094,2,80952,R
616094299418788672,78,178.97194029802347,78.79511252999961,6780.800000000232,23.516948699951172,15.027238845825195,2,80952,R
616094299422983351,91,180.62955919670773,78.87354008626787,6182.400000000096,19.75656509399414,11.35229778289795,3,80952,R
616094302887478256,127,180.22676861762974,79.58574559230256,5928.000000000038,30.656953811645508,15.957063674926758,2,80952,R
616094298210829216,153,180.5975281006096,78.56815575049626,5960.0000000000455,42.87697219848633,21.116971969604492,3,80952,R
616094299422982715,166,180.8562169104727,78.74230874150055,5940.800000000041,27.1774959564209,14.491278648376465,2,80952,R
616094301759209511,218,181.19006324394067,79.13328672420683,6204.000000000101,29.766117095947266,16.71912956237793,3,80952,R
616094299414594070,224,178.42975944415994,78.73116351585524,6839.200000000245,15.363513946533203,10.38798713684082,3,80952,R
616094299414593766,229,177.99833731745187,78.67090532155775,6044.000000000065,19.88671875,11.403007507324219,2,80952,R
616094299414593766,229,177.99833731745187,78.67090532155775,6153.6000000000895,22.783533096313477,12.795379638671875,3,80952,R
616094301759209594,236,180.64998174409874,79.14152462767059,6271.200000000116,25.22244644165039,15.276361465454102,3,80952,R
616094301759209594,236,180.64998174409874,79.14152462767059,6761.600000000228,29.394441604614258,19.104482650756836,2,80952,R
616094301755015985,251,179.51987320146878,79.29728939475085,5828.0000000000155,40.64020919799805,13.97365951538086,2,80952,R
616094301755015985,251,179.51987320146878,79.29728939475085,6832.000000000244,23.137094497680664,12.842965126037598,3,80952,R
616094301755015239,283,179.9640164033853,79.13674402321534,6439.200000000154,25.400012969970703,10.015912055969238,2,80952,R
616094301759209797,285,180.9493991136158,79.1862955864016,6717.600000000218,16.257139205932617,10.783172607421875,2,80952,R
616094300601582769,286,179.58605518342267,79.12345189144365,5912.800000000035,20.43808364868164,10.953401565551758,2,80952,R
616094300601582769,286,179.58605518342267,79.12345189144365,6717.600000000218,19.159385681152344,12.333845138549805,2,80952,R
616094298210828964,308,180.85705706686758,78.51150944052517,6166.400000000092,22.321983337402344,12.371981620788574,2,80952,R
616094298210828964,308,180.85705706686758,78.51150944052517,6193.600000000099,22.389934539794922,13.0337553024292,3,80952,R
616094298210828964,308,180.85705706686758,78.51150944052517,6233.600000000108,16.25887107849121,10.1812162399292,3,80952,R
616094298215023051,333,182.34642893836136,78.46817397641918,6111.20000000008,28.87596893310547,15.014593124389648,3,80952,R
616094298215023051,333,182.34642893836136,78.46817397641918,6907.200000000261,25.843017578125,15.028044700622559,3,80952,R
616094300609970795,350,181.6486638364545,78.99618360299755,6447.200000000156,22.462303161621094,13.394797325134277,3,80952,R
616094300609970372,352,181.78220696524963,78.91025916789644,6232.8000000001075,16.24994468688965,10.861187934875488,3,80952,R
616094300609970765,370,181.4632810459863,78.98903519315412,5991.200000000053,20.92109489440918,11.660114288330078,2,80952,R
616094299422983310,381,180.84294887056137,78.86989859392268,6050.400000000066,28.76255989074707,15.794909477233887,3,80952,R
616094299422983310,381,180.84294887056137,78.86989859392268,6745.600000000224,24.306503295898438,12.104925155639648,3,80952,R
616094299422983310,381,180.84294887056137,78.86989859392268,7462.400000000387,27.233909606933594,17.575889587402344,2,80952,R
616094301755016025,408,179.31843607522742,79.3022901948346,6072.800000000071,27.41796112060547,14.69930362701416,3,80952,R
616094301755016025,408,179.31843607522742,79.3022901948346,6112.80000000008,26.8087100982666,15.113433837890625,3,80952,R
616094301755016025,408,179.31843607522742,79.3022901948346,6129.600000000084,25.076780319213867,14.178271293640137,2,80952,R
616094301755016324,421,179.97810917536566,79.36554151839943,5924.8000000000375,20.03584861755371,10.650516510009766,3,80952,R
616094301755016324,421,179.97810917536566,79.36554151839943,6693.600000000212,22.66985321044922,14.496225357055664,3,80952,R
616094303990579539,429,180.4037113949173,79.69306901760997,6179.200000000095,19.704225540161133,10.195356369018555,2,80952,R
616094303990579539,429,180.4037113949173,79.69306901760997,6568.800000000184,19.624425888061523,10.597663879394531,2,80952,R
616094299422982357,452,181.1814747271828,78.6688862122321,7139.200000000314,18.225461959838867,11.605703353881836,3,80952,R
616094298206634280,459,179.40225704408374,78.43497248440207,6648.000000000202,19.446691513061523,12.280515670776367,3,80952,R
616094298210828977,463,180.36181511713448,78.51695600979147,6327.200000000129,19.102088928222656,11.386490821838379,3,80952,R
616094298206634163,485,179.88637475062743,78.40600989164152,7363.2000000003645,22.880794525146484,14.088662147521973,3,80952,R
616094299427176586,492,181.2988434920545,78.64239534573412,6525.600000000174,16.556062698364258,10.653276443481445,2,80952,R
616094272151617617,1,194.1218912197649,73.88687111989061,6936.800000000268,35.565467834472656,19.656452178955078,3,80954,R
616094272155812332,4,195.26361152741237,73.97897147728263,6155.20000000009,27.174959182739258,14.864625930786133,2,80954,R
616094272151617659,19,193.91392656329901,73.89465125882823,6520.800000000173,35.99799346923828,14.914034843444824,3,80954,R
616094272151617659,19,193.91392656329901,73.89465125882823,6892.000000000257,31.740966796875,17.53626823425293,2,80954,R
616094272155813000,21,195.16479021519373,74.1202558516011,5817.600000000013,70.97907257080078,16.793533325195312,2,80954,R
616094272155813000,21,195.16479021519373,74.1202558516011,7040.800000000291,35.41101837158203,20.265607833862305,2,80954,R
616094272155812236,28,195.0138757585481,73.95128580340041,6990.40000000028,26.474931716918945,15.43889045715332,2,80954,R
616094272155812096,41,195.00676461917007,73.9232715906712,7005.600000000283,41.364158630371094,23.46435546875,2,80954,R
616094272155812556,43,194.87551929091765,74.02572543909041,7424.000000000378,31.676362991333008,18.555023193359375,2,80954,R
616094275460923732,108,195.1000117635236,74.43632985957107,5969.600000000048,66.57149505615234,29.15460205078125,3,80954,R
616094275460923732,108,195.1000117635236,74.43632985957107,5983.200000000051,21.792631149291992,10.029169082641602,2,80954,R
616094275460923732,108,195.1000117635236,74.43632985957107,7199.200000000327,21.166074752807617,12.618289947509766,2,80954,R
616094272151618275,112,194.31651704047408,74.03116631726654,6136.0000000000855,33.68110275268555,17.217124938964844,2,80954,R
616094272151618275,112,194.31651704047408,74.03116631726654,6358.400000000136,40.24908447265625,19.52197265625,2,80954,R
616094272151618275,112,194.31651704047408,74.03116631726654,6844.0000000002465,43.5416259765625,22.249088287353516,2,80954,R
616094275460924034,132,195.44921935793883,74.51112740768528,6254.400000000112,32.01791000366211,16.57124900817871,2,80954,R
616094277075730461,138,195.22457555914443,74.62622405233006,6801.600000000237,33.98801803588867,20.376358032226562,3,80954,R
616094268754232217,153,195.45373697120596,73.56845774282132,5941.600000000041,41.196067810058594,15.823838233947754,2,80954,R
616094268754232217,153,195.45373697120596,73.56845774282132,5944.000000000042,23.696102142333984,10.55350399017334,2,80954,R
616094268754232217,153,195.45373697120596,73.56845774282132,6495.200000000167,24.72620391845703,11.90262222290039,2,80954,R
616094270465507718,155,194.94710271573055,73.70424198586001,5962.400000000046,33.43519973754883,15.373912811279297,3,80954,R
616094270465507718,155,194.94710271573055,73.70424198586001,7008.000000000284,36.41781997680664,21.05896759033203,3,80954,R
616094270469701697,160,195.1715883199307,73.63090852216322,7036.00000000029,36.654720306396484,20.510774612426758,2,80954,R
616094270469701927,172,195.55726570961951,73.68409598210701,6281.600000000119,43.78451156616211,21.425363540649414,2,80954,R
616094270469701927,172,195.55726570961951,73.68409598210701,6288.80000000012,35.11149597167969,17.606658935546875,3,80954,R
616094268750037421,191,194.6152406113431,73.46209881603902,6421.60000000015,18.842693328857422,10.038058280944824,3,80954,R
616094268750037421,191,194.6152406113431,73.46209881603902,6539.200000000177,30.61009407043457,14.812990188598633,2,80954,R
616094268750037421,191,194.6152406113431,73.46209881603902,6681.60000000021,38.011714935302734,20.253368377685547,3,80954,R
616094270461313936,213,194.1389791282666,73.81357048770087,7059.200000000295,22.921463012695312,13.221715927124023,3,80954,R
616094270461313530,216,193.783703495261,73.72441488253172,7006.400000000283,52.256622314453125,27.09642219543457,2,80954,R
616094272160007179,220,195.67366320096332,74.09186846094818,6169.600000000093,22.3887996673584,10.145248413085938,2,80954,R
616094272160007167,221,195.9822192872765,74.09343171401157,5815.200000000013,99.85238647460938,21.40891456604004,2,80954,R
616094272160007167,221,195.9822192872765,74.09343171401157,6335.200000000131,29.37425994873047,13.976398468017578,2,80954,R
616094272160007167,221,195.9822192872765,74.09343171401157,6708.000000000216,30.19863510131836,13.648327827453613,3,80954,R
616094272160007167,221,195.9822192872765,74.09343171401157,7149.600000000316,40.72769546508789,22.69355010986328,2,80954,R
616094270461313807,232,193.86385118311233,73.78369879398439,7161.600000000319,38.04844284057617,21.781417846679688,2,80954,R
616094272160006956,245,196.0135642930331,74.0447072720942,7124.00000000031,28.70331382751465,16.791872024536133,3,80954,R
616094273820951076,255,194.92442405417032,74.2318621906478,5938.400000000041,24.212791442871094,11.308516502380371,3,80954,R
616094273825145738,265,195.61116282506987,74.30582214568173,6504.000000000169,42.22850036621094,22.480783462524414,3,80954,R
616094273825145738,265,195.61116282506987,74.30582214568173,7150.400000000316,35.630104064941406,21.200847625732422,3,80954,R
616094273820951408,273,195.42200870587493,74.30609452143244,6248.000000000111,51.7443733215332,25.67194366455078,2,80954,R
616094273820950657,283,194.8977547942039,74.1488024162141,7359.200000000364,36.70524978637695,19.754724502563477,3,80954,R
616094268758426175,303,196.2297080539766,73.48881866975434,6540.8000000001775,46.679683685302734,23.319435119628906,2,80954,R
616094268758426474,335,195.7287576937103,73.55096637336183,6244.80000000011,19.287601470947266,10.49746036529541,2,80954,R
616094268758426474,335,195.7287576937103,73.55096637336183,7204.000000000328,38.3117561340332,21.5343017578125,2,80954,R
616094268754231542,336,195.71300486086554,73.42101195671118,6350.400000000134,30.143722534179688,13.76129150390625,3,80954,R
616094268758426747,337,195.89564392181552,73.61055979847295,6788.800000000234,44.33771896362305,22.180097579956055,2,80954,R
616094268758426747,337,195.89564392181552,73.61055979847295,6914.4000000002625,28.703882217407227,14.767000198364258,2,80954,R
616094268758426059,343,196.51041952275057,73.46605630116163,6656.000000000204,24.6259765625,13.590967178344727,3,80954,R
616094272160006582,369,195.73564607575585,73.95884369625387,5915.200000000035,30.69235610961914,10.94622802734375,3,80954,R
616094272160006433,371,195.97490750183692,73.92881511243881,6642.400000000201,35.18080520629883,18.45279884338379,3,80954,R
616094272160006433,371,195.97490750183692,73.92881511243881,7132.800000000312,37.730472564697266,21.684818267822266,2,80954,R
616094272160006150,377,196.04547446268376,73.8762566526056,6073.600000000071,37.473655700683594,15.719654083251953,2,80954,R
616094272160006150,377,196.04547446268376,73.8762566526056,7291.200000000348,26.0162410736084,14.915993690490723,2,80954,R
616094270469702803,381,195.551171779044,73.87310074085717,6031.200000000062,50.06208038330078,23.210886001586914,3,80954,R
616094268750037997,394,194.21237009411112,73.5831945828484,6211.200000000103,55.59748077392578,26.376121520996094,3,80954,R
616094270469702620,395,195.75736034614732,73.83592512258205,5976.800000000049,82.94471740722656,34.19135284423828,3,80954,R
616094270469702620,395,195.75736034614732,73.83592512258205,7085.600000000301,35.04722595214844,17.81907081604004,2,80954,R
616094270469702620,395,195.75736034614732,73.83592512258205,7440.800000000382,48.05007553100586,24.661785125732422,3,80954,R
616094277075731026,431,195.08031343742186,74.74139703239922,5880.000000000027,26.512714385986328,11.41373348236084,2,80954,R
616094277075731026,431,195.08031343742186,74.74139703239922,7149.600000000316,58.95046615600586,33.474185943603516,2,80954,R
616094275456729653,445,194.7035945409568,74.49230694828472,7023.200000000287,34.81498336791992,19.239879608154297,3,80954,R
616094277071536873,447,194.82094499674776,74.7811571858947,6224.800000000106,29.983142852783203,12.217524528503418,3,80954,R
616094270473896343,450,196.27954280178778,73.70837114510067,6212.000000000103,39.95888137817383,20.129344940185547,3,80954,R
616094270473896732,457,196.17598951683357,73.78746814719013,5855.200000000022,34.5560302734375,14.743764877319336,2,80954,R
616094270473896732,457,196.17598951683357,73.78746814719013,6805.600000000238,19.730613708496094,12.229230880737305,2,80954,R
616094270473896631,462,196.06262090569115,73.76097120875154,6780.800000000232,19.251543045043945,11.244962692260742,2,80954,R
616094268754231393,470,195.03249927873594,73.38772589558194,6458.400000000159,34.669673919677734,17.17304229736328,3,80954,R
616094268754231393,470,195.03249927873594,73.38772589558194,7097.600000000304,18.459156036376953,11.148934364318848,3,80954,R
616094270469701920,472,195.74371591932015,73.6788118213069,6932.800000000267,44.83116149902344,23.541593551635742,2,80954,R
616094268754231466,485,194.94317890014082,73.39865866054221,6638.4000000002,24.932754516601562,12.12096881866455,2,80954,R
616094268754231748,491,194.88506446704866,73.46441909636025,6247.200000000111,33.75555419921875,18.225481033325195,3,80954,R
616094300651913976,17,194.5722118756977,79.0284712204584,6941.600000000269,18.113845825195312,15.730396270751953,2,80955,R
616094301801152732,101,194.15623668274418,79.1640504369466,6324.000000000128,11.590824127197266,10.541906356811523,2,80955,R
616094301801152672,116,193.76307707525348,79.15132086210572,6404.800000000147,17.168460845947266,14.635740280151367,2,80955,R
616094301801152982,130,193.95719160876172,79.22288448341193,6600.800000000191,15.753342628479004,13.951611518859863,2,80955,R
616094299469119874,174,195.07152702604776,78.70817617560296,6204.800000000101,23.942237854003906,17.497617721557617,3,80955,R
616094299469120151,241,193.86924448965215,78.75480843061123,6990.40000000028,14.265278816223145,12.743619918823242,2,80955,R
616094298256966494,364,194.00696721075911,78.55602557034848,6893.600000000258,27.660076141357422,11.70641803741455,3,80955,R
616094299473314810,384,196.26267606878744,78.83814411235291,6479.2000000001635,15.629515647888184,13.710467338562012,2,80955,R
616094302929420579,411,194.43763941109452,79.42885136002694,5962.400000000046,22.63819694519043,14.941211700439453,2,80955,R
616094301801153402,435,193.997687340746,79.30918859283759,7522.400000000401,12.035914421081543,11.022317886352539,2,80955,R
616094233643712956,37,209.266860964531,68.96364893323812,5822.400000000014,18.427513122558594,10.340593338012695,2,80956,R
616094233643712956,37,209.266860964531,68.96364893323812,7159.200000000318,14.059337615966797,17.643720626831055,2,80956,R
616094233643712576,38,209.1773268432809,68.88377887336607,7270.400000000343,15.484638214111328,18.694961547851562,2,80956,R
616094233647907426,42,210.1569216457449,69.00367024117399,5964.800000000047,27.49608612060547,21.332456588745117,2,80956,R
616094231454286898,51,209.62028177138913,68.84989270277741,6491.200000000166,22.284433364868164,21.423973083496094,3,80956,R
616094231454286201,65,209.57600958580306,68.70116200514079,6639.2000000002,13.560206413269043,14.541797637939453,3,80956,R
616094231454286579,72,209.70077297747292,68.7835720619521,6956.000000000272,18.208053588867188,18.9281005859375,2,80956,R
616094231458481211,96,210.12052334244788,68.8506480357541,5884.800000000028,11.597455978393555,10.06357479095459,2,80956,R
616094233643713462,106,209.67217747832862,69.07357958806973,6377.60000000014,16.78542137145996,17.816343307495117,3,80956,R
616094233643713462,106,209.67217747832862,69.07357958806973,7032.000000000289,23.86513900756836,27.082761764526367,2,80956,R
616094233643713229,112,209.4304965666369,69.02128733842413,7104.800000000306,12.73661994934082,15.844701766967773,3,80956,R
616094237955457536,126,210.00071019548537,69.47838190115198,6816.80000000024,18.341140747070312,22.200754165649414,2,80956,R
616094237955457840,131,210.23606576725768,69.54162550828086,6345.600000000133,21.881887435913086,23.41433334350586,2,80956,R
616094237955458054,138,210.16850542952548,69.58852685201282,6349.600000000134,29.57831382751465,27.156723022460938,2,80956,R
616094231454286289,155,209.90611667327798,68.71970764333558,6454.400000000158,13.76384162902832,12.751670837402344,3,80956,R
616094231450091919,201,209.1590929841619,68.70468068740121,7089.600000000302,22.040447235107422,22.855960845947266,2,80956,R
616094235816362131,210,210.6668183521541,69.15181606892382,5899.200000000032,22.51399803161621,19.91811180114746,3,80956,R
616094231450092096,224,209.11825991520107,68.73882581229172,6938.400000000268,15.594447135925293,15.776487350463867,2,80956,R
616094235812168068,256,210.05675254020096,69.20852748423975,6432.000000000153,14.624983787536621,14.83096981048584,2,80956,R
616094235816363092,263,210.34647704050357,69.35588616458713,6112.80000000008,25.411863327026367,21.893667221069336,3,80956,R
616094235816363092,263,210.34647704050357,69.35588616458713,6601.600000000191,11.66039752960205,11.235054969787598,2,80956,R
616094235816363092,263,210.34647704050357,69.35588616458713,6692.800000000212,10.118096351623535,12.29720401763916,3,80956,R
616094235816362525,271,210.47749848937843,69.23642662135558,6005.600000000056,10.223053932189941,10.317749977111816,3,80956,R
616094235816363189,291,210.51371955919223,69.37353378652567,6707.200000000215,20.221576690673828,21.537227630615234,2,80956,R
616094229243888766,306,210.52714543099697,68.61198287955946,7212.80000000033,14.943105697631836,16.796876907348633,2,80956,R
616094231462674448,316,211.15396402033258,68.62645939138983,6977.600000000277,15.662388801574707,18.35291862487793,3,80956,R
616094233652101730,350,210.84251905079327,68.99894118084815,5992.800000000053,18.076505661010742,15.504761695861816,2,80956,R
616094233652101730,350,210.84251905079327,68.99894118084815,6062.400000000069,28.483600616455078,25.186614990234375,2,80956,R
616094229235499274,356,209.35326796966035,68.42338096361817,5916.0000000000355,12.147991180419922,10.317497253417969,3,80956,R
616094237951263596,426,209.75400816770568,69.55835620374592,6048.800000000066,18.612497329711914,17.092988967895508,2,80956,R
616094237951263596,426,209.75400816770568,69.55835620374592,6286.40000000012,11.12667465209961,12.582317352294922,3,80956,R
616094240073581063,437,210.21883291869636,69.7236457207314,5916.800000000036,13.124388694763184,11.413930892944336,3,80956,R
616094231462675019,453,210.9240298165628,68.73869018340926,6432.800000000153,21.35435676574707,23.34720230102539,3,80956,R
616094231462675019,453,210.9240298165628,68.73869018340926,6436.000000000154,10.969252586364746,11.312474250793457,2,80956,R
616094229239693758,491,209.93586488730813,68.46035200508726,6679.200000000209,13.507213592529297,14.451489448547363,2,80956,R
616094229239693765,495,209.78523432465119,68.45881552924698,6796.000000000236,15.592226028442383,15.622791290283203,3,80956,R
616094229243888795,498,210.63924137142834,68.62092601774049,6628.8000000001975,26.36895179748535,25.565988540649414,2,80956,R
616094300698051054,14,209.66524546136606,78.97789110371646,6145.600000000088,80.36286926269531,17.2762451171875,2,80958,R
616094300698051054,14,209.66524546136606,78.97789110371646,6855.200000000249,65.01592254638672,16.09516716003418,3,80958,R
616094300698051054,14,209.66524546136606,78.97789110371646,7496.800000000395,38.5594482421875,10.867712020874023,3,80958,R
616094301851484199,21,210.28160085913308,79.12794447166573,6833.600000000244,51.23676300048828,13.525954246520996,2,80958,R
616094300702245204,24,210.1142031264179,78.94368644113305,5907.2000000000335,87.17088317871094,16.381317138671875,3,80958,R
616094300702245204,24,210.1142031264179,78.94368644113305,6173.600000000094,41.3780517578125,10.015292167663574,2,80958,R
616094300698050868,27,208.68853408293876,78.92860222776685,5850.400000000021,134.16636657714844,20.40619659423828,2,80958,R
616094300698051410,29,209.39323194975543,79.05131038937495,5851.200000000021,70.14170837402344,11.169795989990234,3,80958,R
616094300702245690,31,210.25456542034075,79.04299697812822,6925.600000000265,46.345115661621094,11.51697063446045,3,80958,R
616094300698050612,39,209.14669396560308,78.88395582680614,6627.200000000197,96.25508880615234,19.781187057495117,2,80958,R
616094300698050612,39,209.14669396560308,78.88395582680614,7512.000000000398,86.8123550415039,17.151308059692383,2,80958,R
616094300702245700,43,209.88407953972535,79.04743607268394,6016.000000000058,52.09013748168945,10.623239517211914,2,80958,R
616094299523646160,68,210.71223981221027,78.77439010001096,5952.800000000044,50.80166244506836,10.582662582397461,2,80958,R
616094299523646160,68,210.71223981221027,78.77439010001096,7111.200000000307,47.65714645385742,11.338546752929688,3,80958,R
616094299523646160,68,210.71223981221027,78.77439010001096,7437.600000000381,97.99256896972656,24.834049224853516,2,80958,R
616094299523646160,68,210.71223981221027,78.77439010001096,7470.400000000389,57.952022552490234,14.998946189880371,2,80958,R
616094299519451953,84,209.78439248522588,78.79741829613367,5867.200000000024,88.87991333007812,16.96842384338379,3,80958,R
616094299519451953,84,209.78439248522588,78.79741829613367,6882.400000000255,77.98666381835938,18.22123908996582,2,80958,R
616094299523646516,91,210.4788268067601,78.84930852312765,5922.400000000037,76.86363983154297,17.27788734436035,3,80958,R
616094299523646516,91,210.4788268067601,78.84930852312765,7424.000000000378,124.69778442382812,30.24574089050293,3,80958,R
616094299519451577,92,209.43259690748698,78.71426590770398,5923.200000000037,66.04718780517578,13.025691986083984,2,80958,R
616094299519451577,92,209.43259690748698,78.71426590770398,6211.200000000103,132.01109313964844,24.419809341430664,2,80958,R
616094299519451577,92,209.43259690748698,78.71426590770398,6216.800000000104,372.7352600097656,71.13574981689453,2,80958,R
616094299519451577,92,209.43259690748698,78.71426590770398,6881.600000000255,46.32738494873047,11.81290340423584,2,80958,R
616094299519451874,93,210.13782506170998,78.77804770561653,6295.200000000122,60.759281158447266,11.664441108703613,2,80958,R
616094299519451874,93,210.13782506170998,78.77804770561653,7380.8000000003685,38.190635681152344,11.173863410949707,2,80958,R
616094299519451874,93,210.13782506170998,78.77804770561653,7400.000000000373,37.88146209716797,11.219635963439941,3,80958,R
616094299519452090,99,209.88092988101027,78.82149980307075,6448.000000000156,75.75198364257812,17.235279083251953,2,80958,R
616094299519452090,99,209.88092988101027,78.82149980307075,6854.400000000249,54.75796890258789,14.071968078613281,3,80958,R
616094299519452090,99,209.88092988101027,78.82149980307075,7106.400000000306,47.147457122802734,11.866442680358887,3,80958,R
616094299519452090,99,209.88092988101027,78.82149980307075,7359.200000000364,125.4889907836914,26.866201400756836,2,80958,R
616094302979752979,105,210.01597162604787,79.58889539179776,5952.000000000044,55.682151794433594,10.72391128540039,3,80958,R
616094302979752979,105,210.01597162604787,79.58889539179776,6123.200000000083,70.73191833496094,11.868377685546875,2,80958,R
616094302979752979,105,210.01597162604787,79.58889539179776,6125.600000000083,91.84444427490234,20.312585830688477,2,80958,R
616094302979752979,105,210.01597162604787,79.58889539179776,6550.40000000018,112.22576904296875,27.486778259277344,2,80958,R
616094302979752979,105,210.01597162604787,79.58889539179776,6764.000000000228,74.55884552001953,18.73150062561035,2,80958,R
616094302979752979,105,210.01597162604787,79.58889539179776,6820.800000000241,40.086181640625,10.618552207946777,3,80958,R
616094302979752979,105,210.01597162604787,79.58889539179776,7551.200000000407,53.481990814208984,11.885692596435547,2,80958,R
616094302979752545,107,210.55392761049833,79.49630819208173,5815.200000000013,163.90872192382812,19.581298828125,2,80958,R
616094302979752545,107,210.55392761049833,79.49630819208173,6290.400000000121,48.446258544921875,10.450918197631836,2,80958,R
616094302979752545,107,210.55392761049833,79.49630819208173,7304.000000000351,50.979671478271484,13.34804916381836,2,80958,R
616094302979752899,129,210.4054624999385,79.57856032441501,6242.40000000011,67.6264419555664,16.1234130859375,3,80958,R
616094302979752652,131,210.50533689705185,79.518735689886,7159.200000000318,60.88747787475586,14.419233322143555,2,80958,R
616094302979752138,143,210.02530149448708,79.40797778118146,6944.000000000269,66.48892974853516,16.05171775817871,3,80958,R
616094302979752138,143,210.02530149448708,79.40797778118146,7259.200000000341,51.340911865234375,13.718771934509277,3,80958,R
616094300698051534,144,208.68210130216835,79.07786417064494,7260.800000000341,49.372501373291016,13.80051326751709,3,80958,R
616094299519451216,150,209.86513783523702,78.64131547657806,7298.40000000035,39.767173767089844,10.555147171020508,2,80958,R
616094298311492479,151,210.07354799181724,78.56172239613996,6382.4000000001415,49.29157257080078,11.648641586303711,3,80958,R
616094298311492479,151,210.07354799181724,78.56172239613996,7031.200000000289,60.20425033569336,14.93488597869873,2,80958,R
616094299519451637,155,209.8092018601931,78.72731493614643,6743.200000000224,53.76765823364258,12.993729591369629,2,80958,R
616094299519451637,155,209.8092018601931,78.72731493614643,6920.000000000264,68.43669128417969,17.804269790649414,2,80958,R
616094299519451246,167,210.02631266802126,78.6428637560395,5977.6000000000495,123.23912048339844,26.662841796875,3,80958,R
616094299519451246,167,210.02631266802126,78.6428637560395,7514.400000000399,46.28091049194336,12.517838478088379,2,80958,R
616094299519451560,174,210.06174179014923,78.71231332993821,6309.600000000125,48.87017822265625,10.598050117492676,2,80958,R
616094299519451560,174,210.06174179014923,78.71231332993821,6351.200000000134,77.2483901977539,11.93027400970459,2,80958,R
616094299519451560,174,210.06174179014923,78.71231332993821,7552.000000000407,45.42192840576172,10.33531665802002,2,80958,R
616094299519451560,174,210.06174179014923,78.71231332993821,7583.200000000415,143.18409729003906,30.752304077148438,2,80958,R
616094298311492684,181,210.28230569282988,78.6084651752996,6932.0000000002665,107.36737060546875,25.445261001586914,3,80958,R
616094299519451152,186,209.63411578223088,78.62645504917164,6744.800000000224,52.81182861328125,11.862584114074707,3,80958,R
616094298307297673,191,209.30324384882553,78.45181594471508,6508.00000000017,45.2020263671875,10.308377265930176,3,80958,R
616094298307297673,191,209.30324384882553,78.45181594471508,6747.2000000002245,51.20457458496094,12.732736587524414,2,80958,R
616094298307297673,191,209.30324384882553,78.45181594471508,6920.000000000264,46.340423583984375,10.442995071411133,2,80958,R
616094298307297673,191,209.30324384882553,78.45181594471508,7060.800000000296,63.784366607666016,14.858816146850586,2,80958,R
616094298307297673,191,209.30324384882553,78.45181594471508,7244.000000000337,86.92962646484375,19.862890243530273,3,80958,R
616094299523645952,193,210.66656453040724,78.72946322875042,6042.400000000064,152.3392333984375,27.15397071838379,2,80958,R
616094299523645952,193,210.66656453040724,78.72946322875042,6187.200000000097,46.206199645996094,10.387365341186523,2,80958,R
616094299523645952,193,210.66656453040724,78.72946322875042,6368.800000000138,77.99302673339844,18.095233917236328,3,80958,R
616094299523645952,193,210.66656453040724,78.72946322875042,7057.600000000295,66.90424346923828,15.935808181762695,3,80958,R
616094299523645952,193,210.66656453040724,78.72946322875042,7332.000000000357,46.696189880371094,10.305273056030273,3,80958,R
616094300702245705,200,211.06814157326698,79.04813807501554,7007.200000000284,40.213504791259766,11.482773780822754,2,80958,R
616094300702245705,200,211.06814157326698,79.04813807501554,7535.200000000404,55.93853759765625,13.460151672363281,2,80958,R
616094300702245464,202,210.91447306333404,79.00300323621883,7240.0000000003365,50.523433685302734,11.714484214782715,3,80958,R
616094299515257308,216,208.1875075731371,78.72344237577039,7228.000000000334,70.10712432861328,17.350988388061523,3,80958,R
616094299515257308,216,208.1875075731371,78.72344237577039,7331.200000000357,62.41986083984375,13.594338417053223,3,80958,R
616094301855679089,253,210.58929276288507,79.24939612046103,6883.200000000255,38.740299224853516,10.0574369430542,2,80958,R
616094301855679089,253,210.58929276288507,79.24939612046103,7421.600000000378,39.09986114501953,11.054598808288574,3,80958,R
616094301855679681,263,210.6816479019941,79.37325935783527,5974.400000000049,132.1592254638672,27.497394561767578,2,80958,R
616094301855679681,263,210.6816479019941,79.37325935783527,6683.20000000021,61.695228576660156,16.332077026367188,2,80958,R
616094301855679681,263,210.6816479019941,79.37325935783527,7442.4000000003825,69.81050872802734,17.379653930664062,2,80958,R
616094301851484561,281,209.825065826071,79.20425582975173,6164.800000000092,44.61527633666992,10.931208610534668,3,80958,R
616094301851484561,281,209.825065826071,79.20425582975173,6197.6000000000995,59.72062301635742,13.007424354553223,3,80958,R
616094300698051723,286,209.50241856501802,79.12033985693608,6956.800000000272,78.99491119384766,19.460609436035156,3,80958,R
616094300698051723,286,209.50241856501802,79.12033985693608,7139.200000000314,63.56732177734375,16.6047420501709,2,80958,R
616094300698051723,286,209.50241856501802,79.12033985693608,7595.200000000417,85.8323974609375,17.71059226989746,3,80958,R
616094298315686883,302,211.49514254709388,78.57950420941496,7208.800000000329,66.95854187011719,15.576997756958008,2,80958,R
616094299527839879,310,211.62066592012675,78.6411410697778,6132.000000000085,500.10308837890625,79.34906005859375,2,80958,R
616094298315686828,329,210.92855589334744,78.56706071099497,6767.200000000229,61.895633697509766,14.911118507385254,3,80958,R
616094298315686828,329,210.92855589334744,78.56706071099497,6917.600000000263,135.05665588378906,28.801902770996094,3,80958,R
616094300706439679,350,211.55433710575232,78.97997390252,6234.400000000108,95.1683120727539,21.68674659729004,2,80958,R
616094300706439467,352,211.6293741162779,78.93255587305111,7109.600000000307,57.683380126953125,14.301298141479492,2,80958,R
616094300706439467,352,211.6293741162779,78.93255587305111,7197.600000000327,52.73176574707031,14.833215713500977,2,80958,R
616094300706439794,354,211.18640178601706,78.99861321154997,5938.400000000041,74.16051483154297,14.562901496887207,2,80958,R
616094300706439794,354,211.18640178601706,78.99861321154997,6919.200000000264,44.202484130859375,10.694273948669434,2,80958,R
616094300706439794,354,211.18640178601706,78.99861321154997,7092.800000000303,77.7406005859375,17.989503860473633,3,80958,R
616094300706439794,354,211.18640178601706,78.99861321154997,7555.200000000408,60.258201599121094,13.864477157592773,2,80958,R
616094298307298141,362,208.80300604369992,78.55253310392936,7153.600000000317,53.9862174987793,12.47968578338623,3,80958,R
616094298307297937,391,208.6154359869765,78.51095409614396,7032.000000000289,46.682655334472656,10.05125617980957,3,80958,R
616094298307297937,391,208.6154359869765,78.51095409614396,7461.600000000387,74.027099609375,17.586713790893555,2,80958,R
616094304078659606,402,209.5819044415583,79.62596900699396,6468.800000000161,72.21538543701172,15.890229225158691,2,80958,R
616094304078659606,402,209.5819044415583,79.62596900699396,6724.800000000219,67.50323486328125,15.133285522460938,3,80958,R
616094304078659606,402,209.5819044415583,79.62596900699396,7427.200000000379,111.24500274658203,28.342031478881836,2,80958,R
616094304078659606,402,209.5819044415583,79.62596900699396,7588.000000000416,97.52180480957031,20.104896545410156,3,80958,R
616094304078660474,403,209.85832259070932,79.81334097267937,6723.200000000219,71.3231430053711,18.359905242919922,3,80958,R
616094304078660260,412,210.00128218551305,79.76589256081083,7408.000000000375,43.3243293762207,11.70855712890625,2,80958,R
616094304078660576,420,209.98014793688836,79.8343183300915,7289.600000000348,86.60273742675781,20.035993576049805,2,80958,R
616094302975558268,445,209.53597313520763,79.50788742136123,6115.200000000081,48.837791442871094,11.254515647888184,3,80958,R
616094304078660021,448,209.78940559176715,79.71386521406663,6026.400000000061,115.18521881103516,25.333965301513672,3,80958,R
616094299527840224,450,211.77970380334108,78.71617073550468,6155.20000000009,61.54464340209961,12.201929092407227,3,80958,R
616094299527840224,450,211.77970380334108,78.71617073550468,6488.800000000166,76.25981140136719,17.695526123046875,2,80958,R
616094299523645592,452,211.0105575475623,78.64955369082301,5863.2000000000235,96.18639373779297,16.293743133544922,3,80958,R
616094298311491913,461,210.33312981972065,78.43953015943636,6637.6000000001995,79.05835723876953,17.015546798706055,3,80958,R
616094298311492201,483,210.0286726460961,78.49627141007423,7330.400000000357,61.77183532714844,14.44556999206543,3,80958,R
616094299527840229,488,211.582247090547,78.72331862476,5835.200000000017,68.6500015258789,12.176852226257324,3,80958,R
616094298311492062,491,209.9716162059042,78.46624677933322,6967.2000000002745,63.04879379272461,15.374716758728027,3,80958,R
616094298311491888,496,209.96253119974057,78.43050521919692,5911.200000000034,142.22000122070312,27.640470504760742,2,80958,R
616094298311491888,496,209.96253119974057,78.43050521919692,6001.600000000055,94.96736145019531,19.23426055908203,2,80958,R
616094233740182238,43,225.0010709117527,69.02239568015325,6768.800000000229,6.530834674835205,13.683585166931152,2,80959,R
616094231546561303,72,224.75257026941168,68.78597145646135,5916.800000000036,13.47419548034668,21.81827163696289,3,80959,R
616094233735988231,106,224.67760412345893,69.0916618908116,6547.200000000179,10.245779991149902,14.564384460449219,2,80959,R
616094235900248844,118,224.63018652852506,69.28977604557804,6016.800000000058,5.269475936889648,10.677515983581543,2,80959,R
616094235900248394,136,224.50636337947333,69.19384905884652,6796.800000000236,4.609630584716797,11.757311820983887,3,80959,R
616094231546560817,196,224.6730714718254,68.67886076465797,6113.60000000008,6.121424198150635,12.2879638671875,3,80959,R
616094235904442657,266,225.3347073281272,69.18016867673276,5936.00000000004,12.9848051071167,18.674663543701172,2,80959,R
616094229336163022,347,225.64976157756206,68.51953867602113,6528.800000000175,5.24776029586792,11.372114181518555,2,80959,R
616094240161661591,427,225.20251863723482,69.75342945589621,7344.80000000036,8.644591331481934,15.613790512084961,2,80959,R
616094231550755498,482,225.5228536056505,68.76772111990327,6547.200000000179,12.98068618774414,18.45510482788086,2,80959,R
616094272294224215,16,224.25897440461236,73.93623210569254,6169.600000000093,10.118508338928223,14.456257820129395,2,80960,R
616094272294224208,36,224.42964980669674,73.93916058532993,6768.000000000229,7.9802985191345215,15.914993286132812,2,80960,R
616094272294224353,44,224.2941681428686,73.97339372099705,5955.200000000044,11.93719482421875,17.45462417602539,3,80960,R
616094272294224353,44,224.2941681428686,73.97339372099705,6500.000000000168,9.911215782165527,16.68418312072754,2,80960,R
616094270608114630,75,224.6580463403662,73.82110645690118,5987.200000000052,7.7083892822265625,10.577716827392578,2,80960,R
616094272294223890,90,224.51580066108247,73.87645719068736,6592.800000000189,7.934523105621338,12.834421157836914,3,80960,R
616094272294223890,90,224.51580066108247,73.87645719068736,6776.800000000231,8.20882511138916,15.278326034545898,2,80960,R
616094275595141375,108,225.2010338845951,74.42876856040213,6055.200000000067,9.767477035522461,15.001907348632812,2,80960,R
616094273955168974,110,224.27593258943764,74.26888240627535,7254.40000000034,8.180590629577637,14.655323028564453,2,80960,R
616094272290030241,113,223.90516496962235,74.01538763875074,7118.400000000309,5.4211907386779785,10.049783706665039,2,80960,R
616094272298418880,207,225.7980218997321,74.01977053379181,5870.400000000025,14.5262451171875,18.974531173706055,2,80960,R
616094272298419230,208,225.81764595026326,74.09331763282688,6444.800000000156,8.503323554992676,15.752604484558105,2,80960,R
616094273963557172,212,225.85365732958152,74.18128929105815,6084.800000000074,53.13496398925781,29.404224395751953,2,80960,R
616094273963557068,240,225.81263940003225,74.16332772339945,7240.0000000003365,6.020554065704346,10.583849906921387,2,80960,R
616094273959363156,271,225.66896767446374,74.24588215795275,6081.600000000073,7.602424144744873,12.023378372192383,3,80960,R
616094272298418644,355,225.56901608361085,73.97300303390836,6476.800000000163,5.665628433227539,10.611473083496094,3,80960,R
616094270612308502,454,225.86545107558524,73.73123822711386,7278.400000000345,14.744745254516602,16.969371795654297,2,80960,R
616094233824068183,22,239.45355552622826,68.99859988971694,7376.000000000367,6.600397109985352,13.895352363586426,2,80962,R
616094233824068262,103,239.26882454478334,69.01632152753635,6322.400000000128,15.149238586425781,19.823226928710938,2,80962,R
616094229424243334,189,239.9177140194406,68.51095028906882,5922.400000000037,13.519652366638184,19.127079010009766,2,80962,R
616094231634641402,224,239.2313147407707,68.73125710432639,7369.600000000366,7.194852828979492,12.983931541442871,2,80962,R
616094229420048993,391,239.27537140407,68.50366276667789,7437.600000000381,8.754369735717773,17.452199935913086,2,80962,R
616094270679417143,65,239.47727749800688,73.68194950588769,6114.400000000081,4.507219314575195,10.388335227966309,2,80963,R
616094270679417143,65,239.47727749800688,73.68194950588769,6144.000000000087,5.101338863372803,11.155988693237305,2,80963,R
616094275662250595,137,239.88716591410042,74.50076023935075,5958.400000000045,5.332269191741943,10.660917282104492,3,80963,R
616094268972336187,164,240.29720913961899,73.59340774086989,6410.400000000148,8.264683723449707,19.565383911132812,2,80963,R
616094268968141662,177,239.7216359380997,73.54882850771965,6304.800000000124,5.77996826171875,14.954300880432129,3,80963,R
616094270683611649,197,240.57466304354415,73.72486471993118,7241.600000000337,12.877997398376465,24.26504135131836,2,80963,R
616094268976530336,300,241.5660604277034,73.56385942447503,6420.80000000015,4.243865489959717,10.668981552124023,3,80963,R
616094277272863540,447,239.8869070547616,74.79260710932184,6163.200000000092,4.980307579040527,12.033042907714844,3,80963,R
616094270683611323,492,240.8784471819938,73.65639837291143,6230.400000000107,4.721103668212891,10.801576614379883,2,80963,R
616094268968141023,496,239.95598672479912,73.41711790904515,6228.800000000107,4.4953179359436035,10.470333099365234,2,80963,R
616094275729359835,105,254.96509104324053,74.57846793968285,5992.800000000053,5.8098907470703125,10.091986656188965,2,80966,R
616094236172878005,274,270.2265230353179,69.15629534562824,6972.800000000276,6.892560005187988,12.919561386108398,3,80968,R
616094303164301852,119,270.0628259332578,79.48758521013728,7279.200000000345,12.72606372833252,12.311397552490234,2,80970,R
616094303164301470,143,269.9776375597486,79.40433291125404,6058.400000000068,9.904780387878418,12.20154857635498,2,80970,R
616094299716583492,238,268.1251475103873,78.63295202896187,6467.200000000161,10.475363731384277,17.0750789642334,2,80970,R
616094302044422703,264,270.0005467339517,79.23150552542094,5916.800000000036,50.120113372802734,47.1713752746582,3,80970,R
616094302044422703,264,270.0005467339517,79.23150552542094,6447.200000000156,16.318105697631836,23.942426681518555,2,80970,R
616094298521207088,321,271.59587960304054,78.42882239191722,6759.200000000227,6.137700080871582,10.085163116455078,2,80970,R
616094299724972441,472,270.981342065452,78.70558576103333,5960.800000000046,15.424768447875977,16.58240509033203,3,80970,R
-809740129,294,214.05221561964944,-0.8309582570108237,7591.200000000416,118.22648620605469,49.301212310791016,2,80974,R
616094067146621942,75,176.57254500502617,54.58179682345387,6093.600000000076,5.768977165222168,10.642145156860352,2,81002,R
616093996388712717,62,173.5649615008241,49.67570591067248,6190.400000000098,12.663626670837402,11.667823791503906,2,81008,R
616094045667591142,435,181.02424372442073,53.08605921816304,7211.20000000033,9.520265579223633,12.558018684387207,3,81060,R
616094101388918895,209,187.69565478880804,56.89877624243396,6630.400000000198,17.22205352783203,10.539278984069824,3,81062,R
616094101397308217,237,188.40582333226916,57.042821302391374,5921.600000000037,26.808107376098633,12.637431144714355,2,81062,R
616094107957198964,277,188.1836626907421,57.39884610335397,7056.800000000295,21.333982467651367,13.746115684509277,3,81062,R
616094107957198964,277,188.1836626907421,57.39884610335397,7060.000000000296,24.915626525878906,17.383193969726562,2,81062,R
616094098083807702,310,188.86776882393437,56.71924858921946,6207.200000000102,27.285045623779297,13.18166446685791,3,81062,R
616094098083808226,464,188.8766311658714,56.83525411804638,5982.400000000051,52.263492584228516,23.29933738708496,3,81062,R
616094067247284772,416,186.98918899597092,54.481304591503296,6103.200000000078,15.945967674255371,12.815457344055176,2,81063,R
616088557668270387,470,150.05378197085645,0.6829347808806021,5902.400000000032,10.794702529907227,12.697872161865234,2,1,R
616088557664076276,469,149.92729499690583,0.7247094220344403,7370.400000000366,14.01817798614502,20.846994400024414,2,7,R
616088509840622163,81,179.49856965853417,-1.2535268078503221,6343.200000000133,6.786502838134766,13.007505416870117,2,35,R
616088521924411750,273,179.69418205742951,-0.8060746723440642,7482.400000000392,9.57855224609375,16.262359619140625,2,35,R
616088521924412251,280,179.6075684303502,-0.6995285917945796,7403.200000000374,24.289419174194336,24.32868003845215,2,36,R
