targetid,source_id,ra,dec,n_epochs,delta_rv,S,S_robust,S_min_loo,chi2_constant,chi2_pvalue,d_max,passed_hardening
39000000000,3800000000000000000,83.12177722397364,-3.487198737138712,9,85.5889100649211,61.69052392595569,44.49374511918885,44.49374511918885,3814.720742258911,0.0,49.90363879331377,True
39000000001,3800000000000000001,195.37058993696945,-14.498335252776108,6,174.99561940919,23.405898083032685,13.279545093276496,13.279545093276496,553.8360650733132,0.0,20.851542310666737,True
39000000002,3800000000000000002,322.47489444246696,22.290724550032294,9,41.3479902692905,10.759505550350893,8.000924177813916,8.000924177813916,124.76695968803166,0.0,7.6556724932775655,True
39000000003,3800000000000000003,43.15153224012581,7.137668854399074,7,213.62803561369077,37.190937660583856,32.66773076471587,32.66773076471587,1390.1658440734345,0.0,25.22390449534371,True
39000000004,3800000000000000004,54.25831582755461,25.901865441479053,9,97.33746502776384,21.38187566984253,13.962476876309534,13.962476876309534,466.18460716060395,0.0,16.69208664777856,True
39000000005,3800000000000000005,308.2767450761133,14.495893983440908,7,119.59304186700967,23.18402471013712,16.09707943562867,16.09707943562867,544.4990017602486,0.0,17.124430374731194,True
39000000006,3800000000000000006,80.73695140580152,48.33971434822894,3,22.50226887701692,9.449670512526339,1.064834505441867,1.064834505441867,92.2962727953098,0.0,20.451473058854585,False
39000000007,3800000000000000007,126.02822677008325,40.96136982336213,3,74.78646646100772,12.40663670928928,0.0,0.0,156.92463443628435,0.0,13.64380059214996,False
39000000008,3800000000000000008,250.92566675829647,47.273249238582025,9,85.81170959656652,27.856034928738545,22.577176837254775,22.577176837254775,784.9586819511019,0.0,20.059975634924314,True
39000000009,3800000000000000009,185.86812538843031,5.525212023537058,9,240.82008804813395,148.76963643217678,45.28021600682743,45.28021600682743,22141.404724162065,0.0,170.8990457229935,True
39000000010,3800000000000000010,65.83175895863064,72.80753970736806,3,108.18295409028131,16.250490808779087,5.952999399233859,5.952999399233859,267.07845152621354,0.0,51.54979625976762,True
39000000011,3800000000000000011,170.44983748100364,-10.947794309898331,3,100.48219768167677,17.906961097656534,10.05277004129819,10.05277004129819,323.65925575298456,0.0,25.03235405817766,True
39000000012,3800000000000000012,222.57139836164143,7.0209636377599125,8,28.300105231920476,5.452434212883793,3.6695211204293656,3.6695211204293656,37.729038845825706,3.411572006895014e-06,6.552873980358722,False
39000000013,3800000000000000013,122.68927449108642,72.38330581639212,4,224.42210059021076,30.921296730649853,8.280424823615466,8.280424823615466,960.1265915048974,0.0,35.29303139234991,True
39000000014,3800000000000000014,348.7146998306886,45.683301119254295,7,216.01794631691095,35.31563144216415,26.680149187311827,26.680149187311827,1254.1938241587727,0.0,24.10805787392493,True
39000000015,3800000000000000015,326.28757863410493,-17.768276946323354,4,37.41305553284144,5.570766340637776,3.9930742140435913,3.9930742140435913,35.03343762198279,1.1985932935054677e-07,7.307989869271961,False
39000000016,3800000000000000016,78.05127837113685,2.3943341523372865,5,100.17657903165788,25.26217859204073,17.54318943469267,17.54318943469267,643.177667216161,0.0,30.210723700501518,True
39000000017,3800000000000000017,210.11620026631394,-21.44918993385167,3,126.85471952035934,21.865352771248567,9.19623993156827,9.19623993156827,481.0936518111474,0.0,29.8317825154136,True
39000000018,3800000000000000018,148.05184197073285,55.53625121087481,3,87.53860384130726,35.55042368622233,3.925182742156255,3.925182742156255,1266.832624269918,0.0,55.78969922474617,False
39000000019,3800000000000000019,46.497389454538194,74.94561299845947,4,38.86909693605091,8.177327043977005,1.325006941250051,1.325006941250051,70.8686775841577,2.7755575615628914e-15,8.530342214511832,False
39000000020,3800000000000000020,199.73361907520123,-19.98976998435367,7,258.3493132891827,67.49651366557053,44.136680778442354,44.136680778442354,4562.7793570065505,0.0,76.90213842684433,True
39000000021,3800000000000000021,27.31079811911901,-15.823230589828585,4,138.39273549807416,17.441311232571387,4.326393717865008,4.326393717865008,308.1993375114208,0.0,17.559834264003847,False
39000000022,3800000000000000022,85.00195192226556,53.595094983134416,9,135.06746835118884,52.2965739062504,40.47774464925299,40.47774464925299,2743.9316423319106,0.0,35.14121631207422,True
39000000023,3800000000000000023,45.928909006402954,1.215349637859692,8,228.74269806209753,77.79187158734946,49.54151407425092,49.54151407425092,6059.575285062669,0.0,62.328649748686736,True
39000000024,3800000000000000024,73.82792165380528,76.47934731546577,8,134.32409545569226,82.34877292764374,32.49173702142605,32.49173702142605,6789.320402688631,0.0,97.94484542835153,True
39000000025,3800000000000000025,125.59257595547831,72.24820586726084,6,165.89795041795233,45.30256372800882,37.16107058586729,37.16107058586729,2058.3222803303006,0.0,26.743193880237484,True
39000000026,3800000000000000026,140.9335596725407,28.504322765699136,8,113.32266092826774,40.09807682137111,24.63790893542084,24.63790893542084,1615.8557647725788,0.0,38.79920043394544,True
39000000027,3800000000000000027,53.97027384555856,-4.782346524409437,7,200.60310059907542,68.52745411820067,52.97461762638078,52.97461762638078,4703.011967922097,0.0,46.08765157127576,True
39000000028,3800000000000000028,27.835583575963412,-18.532833734300954,6,48.489848773949234,15.43875715515712,9.570150886959919,9.570150886959919,244.35522249591514,0.0,14.634416234036888,True
39000000029,3800000000000000029,120.05970180881191,13.798556295003763,3,95.68123374156285,12.280552303131163,3.6330108557558427,3.6330108557558427,153.8119648699401,0.0,15.82603044399932,False
39000000030,3800000000000000030,79.23499706919495,-6.605113722465109,3,174.31721697071967,20.426198895097826,3.870567316561117,3.870567316561117,420.2296013020957,0.0,21.118728161033154,False
39000000031,3800000000000000031,169.94410023959972,32.1325246588878,3,209.1205767229385,38.90818590395777,3.4985883901225003,3.4985883901225003,1516.8469303369382,0.0,91.21267764132617,False
39000000032,3800000000000000032,70.60071588964301,25.605866701663714,4,112.05608500818289,35.95105267423797,17.095507604226196,17.095507604226196,1296.478188385833,0.0,53.26361353724452,True
39000000033,3800000000000000033,124.2691721572592,55.12179755214743,8,144.32245418531153,38.81539444893288,26.997063031655863,26.997063031655863,1514.6348462262495,0.0,29.4140170497217,True
39000000034,3800000000000000034,50.168186666216684,61.84232604792291,3,35.68185970498435,5.268942334677646,0.0,0.0,30.76175332615832,2.0901147901319916e-07,8.779899853950045,False
39000000035,3800000000000000035,277.5280957431374,16.423966550575607,6,247.0951784056702,79.12588856816365,62.06389904136404,62.06389904136404,6266.90624170145,0.0,52.82531697409275,True
39000000036,3800000000000000036,94.41505594793703,35.458572377028034,4,198.27527932662207,34.50926086580871,5.876695895783644,5.876695895783644,1194.889085504437,0.0,37.54395524351965,True
39000000037,3800000000000000037,273.02126902044535,40.2844323867688,5,285.058946655617,161.9639492316175,7.6615919579685325,7.6615919579685325,26237.320850701977,0.0,183.6056783303267,True
39000000038,3800000000000000038,251.07129620886238,2.708390810980582,3,155.8833901179197,24.883327714324555,0.0,0.0,622.1799981384725,0.0,72.28821887679585,False
39000000039,3800000000000000039,193.82453653708353,42.782069258859565,4,136.387966059991,15.705315701482963,6.958957974305922,6.958957974305922,250.6569412832473,0.0,14.8825823409977,True
39000000040,3800000000000000040,15.153548269090278,-28.03386717932448,7,184.33290604546008,32.35694318997146,11.055681539500506,11.055681539500506,1053.9717725990404,0.0,34.662312318032484,True
39000000041,3800000000000000041,93.68401246254983,26.677271674619845,8,50.56961652319724,9.885844212959698,8.581949600724876,8.581949600724876,105.72991580290875,0.0,5.177858084732767,True
39000000042,3800000000000000042,147.04315670545154,10.995736871354538,4,77.07824223176942,10.392660535552654,2.786665693571112,2.786665693571112,112.00739300723356,0.0,10.189339866278521,False
39000000043,3800000000000000043,312.22591234552885,47.91992743865383,5,132.52494176267268,26.013909800327774,18.157020482888406,18.157020482888406,681.7235030995894,0.0,23.62197475104735,True
39000000044,3800000000000000044,41.70378844089276,11.436489818547862,5,243.3363703062982,171.4821920624794,21.19898841076631,21.19898841076631,29411.142194553075,0.0,233.26226107920127,True
39000000045,3800000000000000045,358.96482005677603,16.879943245957023,7,66.7689271728989,30.068827121801977,4.96175787259921,4.96175787259921,911.1343644808143,0.0,37.71203218329795,False
39000000046,3800000000000000046,57.32846578053521,-7.5928625796098395,7,162.07860684803737,27.89906846039761,23.084751644158928,23.084751644158928,785.3580209579528,0.0,17.777829091015562,True
39000000047,3800000000000000047,141.29768030640653,22.79327181888359,7,243.2182013186126,125.4559009721041,80.79360067382778,80.79360067382778,15746.183088722391,0.0,118.65187979336531,True
39000000048,3800000000000000048,174.38344112665462,42.69021301291758,9,215.56415256380876,82.91597853807852,41.37721180799488,41.37721180799488,6884.059496927099,0.0,89.38203017680159,True
39000000049,3800000000000000049,73.28818092320736,62.449764690462686,6,108.70183418769096,20.587506362832382,10.273860597298611,10.273860597298611,429.8454182396638,0.0,21.631055900731752,True
39000000050,3800000000000000050,314.4323657093978,69.07720504123844,3,155.3538244616529,35.18793931465961,0.0,0.0,1241.1910732121673,0.0,118.38696804585514,False
39000000051,3800000000000000051,85.33002855900102,-4.185855791229379,8,289.78858660158767,87.30963415658013,65.13971222360449,65.13971222360449,7630.972216555865,0.0,74.44847854494101,True
39000000052,3800000000000000052,210.7275711828308,65.50984085645845,4,79.47152391793401,29.209520449146186,5.073332742504252,5.073332742504252,857.1960848690893,0.0,32.08029965798868,True
39000000053,3800000000000000053,47.77727537493986,-14.210340175666786,6,60.36400898698707,14.7791383277506,9.316768479456133,9.316768479456133,224.4229297107868,0.0,18.311365506359543,True
39000000054,3800000000000000054,335.14153038251203,45.84794261347173,4,154.2560956130028,17.740097827779607,0.0,0.0,318.7110709391907,0.0,19.64098069286612,False
39000000055,3800000000000000055,333.24293911705627,18.198958105318646,3,213.77786327278193,37.06628269850422,6.275517091564426,6.275517091564426,1376.909313085433,0.0,60.03844451495729,True
39000000056,3800000000000000056,217.24149361729604,43.50340784105178,4,178.0134130389494,34.52997899001616,16.35731866869006,16.35731866869006,1196.3194490509577,0.0,36.07922568162459,True
39000000057,3800000000000000057,296.0616307741409,17.39483006918367,4,158.148100108316,39.77109328515048,13.072698314396943,13.072698314396943,1585.7398610961413,0.0,44.43985070481324,True
39000000058,3800000000000000058,40.4295639880389,-29.715758367051937,9,270.6195397081576,95.03029430770759,57.45905283625032,57.45905283625032,9039.756836209523,0.0,99.11239723300777,True
39000000059,3800000000000000059,140.72615852598528,35.39239687047903,8,179.92775995683422,55.08529636377196,27.618028335386853,27.618028335386853,3042.3898754845886,0.0,63.659904431207806,True
39000000060,3800000000000000060,83.09850809544434,20.25445093684055,8,115.82725805477335,29.001448132777387,21.62679956554776,21.62679956554776,849.083993798177,0.0,21.201877368360854,True
39000000061,3800000000000000061,45.976854108684535,60.86743932777813,8,225.79144403926114,72.40235931007294,21.225010907190818,21.225010907190818,5250.101633664905,0.0,103.82998212344268,True
39000000062,3800000000000000062,8.241776991403288,-13.08297353651658,8,60.468792275409925,13.671104592265829,5.943290304943424,5.943290304943424,194.89910077267183,0.0,16.103221776984178,True
39000000063,3800000000000000063,182.21107062248788,18.346285749620115,5,280.6546115283418,61.904179952649244,27.75864978726721,27.75864978726721,3837.127495609981,0.0,57.794161683824754,True
39000000064,3800000000000000064,83.75239388256516,-5.711710723579696,6,43.44838267895156,9.671104123593103,6.313301051432828,6.313301051432828,99.53025496937951,0.0,8.478669732394648,True
39000000065,3800000000000000065,35.309729082328055,23.7065250723956,7,191.13840491483307,107.3642922973951,45.981545256022265,45.981545256022265,11534.091260520492,0.0,130.3601979570197,True
39000000066,3800000000000000066,320.1807298063839,19.568162240273367,6,76.5728361457898,12.986363668250588,7.656134849417603,7.656134849417603,174.6456413240589,0.0,11.651945657910847,True
39000000067,3800000000000000067,278.8681610296037,40.82946788952438,7,224.6189060835609,49.71310596034999,39.21175688608966,39.21175688608966,2478.3929042249856,0.0,34.05921893933469,True
39000000068,3800000000000000068,139.91500750674493,-11.994781838816838,4,248.2854040363478,55.58480798031209,35.626448706305396,35.626448706305396,3093.670878208167,0.0,72.62050520006636,True
39000000069,3800000000000000069,294.4027187485002,-6.51374970582609,6,63.99835656560425,11.489132105591864,7.582062680961341,7.582062680961341,138.00015653974174,0.0,11.825977148570956,True
39000000070,3800000000000000070,316.73393493909794,42.331634405582534,5,113.13687720019662,18.10942349324551,12.366481423113552,12.366481423113552,332.95121925771247,0.0,14.006288062337902,True
39000000071,3800000000000000071,53.599698119680085,3.6164637039236354,3,41.113446117754464,8.057730316312547,4.705863928637158,4.705863928637158,67.92701785042229,1.7763568394002505e-15,10.236561609737636,False
39000000072,3800000000000000072,202.13445166542854,31.672610385778803,5,143.50948164059554,56.380609999330495,20.431372608429363,20.431372608429363,3183.7731838966056,0.0,89.26935291844948,True
39000000073,3800000000000000073,268.9990515871336,51.39850253541729,8,172.63791777599354,52.365592766342544,43.13577853889888,43.13577853889888,2750.1553057704264,0.0,38.839533299419394,True
39000000074,3800000000000000074,164.94727922564135,23.126575929389077,4,28.689447464327845,7.33051945702172,2.3140888101800954,2.3140888101800954,57.73651550977401,1.7892354264859023e-12,9.290094041609617,False
39000000075,3800000000000000075,124.53136110060993,4.670847320709491,8,51.36876911807542,32.874956110507554,9.291820847158602,9.291820847158602,1088.7627392677978,0.0,38.918676866560475,True
39000000076,3800000000000000076,54.44885834457644,-5.215137705364139,5,269.64050430540806,54.35306622176151,24.133483236132406,24.133483236132406,2959.255807707192,0.0,62.335888305249455,True
39000000077,3800000000000000077,310.315287025538,20.61784909372836,4,82.19889311538942,13.056664320234242,5.871850938561422,5.871850938561422,174.4764831712779,0.0,12.646723244079222,True
39000000078,3800000000000000078,279.2202663331179,76.09243192908927,9,58.216689756542934,17.126272459651474,11.73478546089108,11.73478546089108,302.3092083622166,0.0,15.791640808994003,True
39000000079,3800000000000000079,30.047070596177985,67.06580052480726,6,88.17412428592355,21.091675701165318,11.083602319735425,11.083602319735425,450.85878388312756,0.0,21.76484533971208,True
39000000080,3800000000000000080,91.55591322419401,60.11806153586072,6,88.54695484195273,34.232160254849646,14.62457483634413,14.62457483634413,1177.8407957137076,0.0,32.75600066977317,True
39000000081,3800000000000000081,308.06541320608306,-5.010248727413362,6,77.6412485057196,12.417194847373041,8.954094491291935,8.954094491291935,160.1867278776276,0.0,9.82943593209327,True
39000000082,3800000000000000082,289.7664396629179,-28.019278883950005,9,208.31384055468928,59.70767565179715,48.63281800737325,48.63281800737325,3574.0065317402104,0.0,36.97839569183085,True
39000000083,3800000000000000083,90.83060994218636,-5.775216848495337,9,183.03452462035426,38.74957752500018,31.223643983858228,31.223643983858228,1510.529758365999,0.0,27.568050529434384,True
39000000084,3800000000000000084,175.5601447036552,41.744668550001975,6,38.45208791497385,4.256496671672448,2.0425274886265994,2.0425274886265994,24.117763915958626,0.00020608633912500007,4.080709831105957,False
39000000085,3800000000000000085,170.74383135525377,34.995418539814565,4,149.21584584535083,34.83750135045571,2.380293556665947,2.380293556665947,1217.6515003430036,0.0,52.49465931609117,False
39000000086,3800000000000000086,111.37417843060155,60.61694226434241,7,46.135535367916,9.778445233826778,7.8915362269107545,7.8915362269107545,102.61799119094962,0.0,7.129696294914881,True
39000000087,3800000000000000087,356.85476162410794,60.20138920312917,9,195.27732070045133,38.31192676639533,30.29505667951034,30.29505667951034,1476.8037325536388,0.0,24.448954899276405,True
39000000088,3800000000000000088,110.27285956015656,56.78836759128727,3,66.93600850853966,9.808769232297077,3.8430741128084853,3.8430741128084853,99.2119538524578,0.0,14.24533011133628,False
39000000089,3800000000000000089,191.19072415868743,62.58956979191437,6,93.48734459257226,25.610670710119173,16.077644962379985,16.077644962379985,661.9064542221562,0.0,30.975269847823505,True
39000000090,3800000000000000090,196.3372036385889,-20.297812583114222,6,77.84079543322738,8.675192324217567,3.344816952916213,3.344816952916213,81.2589618621634,4.440892098500626e-16,8.201972382357253,False
39000000091,3800000000000000091,50.110812484450385,18.84481241224232,5,104.48821226821646,34.6764145264189,0.0,0.0,1207.4537244080361,0.0,43.583391588638406,False
39000000092,3800000000000000092,158.84053691591754,36.63308334529623,9,91.81131926639156,44.95295030223485,26.337948326880955,26.337948326880955,2029.7677408751965,0.0,45.9418725069463,True
39000000093,3800000000000000093,112.28366880154097,-1.8347678384550257,3,21.40502354052292,1.1772054504215204,0.0,0.0,4.3858126725021345,0.11159195312480108,2.037849279211575,False
39000000094,3800000000000000094,304.5317182839836,37.496452566120425,7,203.70253899281673,81.38267862469716,36.23635442686067,36.23635442686067,6630.1403801307415,0.0,135.11773925589273,True
39000000095,3800000000000000095,352.4332014629312,36.384240564771645,9,58.70302904436902,30.521548753624405,21.76991661214712,21.76991661214712,940.5649383198714,0.0,24.682884077050517,True
39000000096,3800000000000000096,213.6548746713365,68.52993985187902,7,239.89169647141722,53.19988593849977,31.896781737007046,31.896781737007046,2837.227863869385,0.0,43.82378973388709,True
39000000097,3800000000000000097,15.225029720165232,32.10919560969894,4,109.54843860934545,11.882365874045618,2.35100032229488,2.35100032229488,145.19061876468388,0.0,12.915062095897891,False
39000000098,3800000000000000098,18.847807267490065,54.43243913697101,6,147.18967291683663,42.88952088386821,21.89353452384593,21.89353452384593,1845.511001647767,0.0,51.844508432749805,True
39000000100,3800000000000000100,45.19807731455521,-28.135756862146092,7,59.40524175092701,13.039660821306722,11.052106101324586,11.052106101324586,177.0327543347215,0.0,9.375604070061895,True
39000000101,3800000000000000101,323.8038765165966,48.11489749778724,5,83.96047046517238,12.571760578298967,4.6746841814580105,4.6746841814580105,163.04916403807198,0.0,12.938613038421487,False
39000000102,3800000000000000102,124.26919505791578,70.92344274451892,7,151.03509893749498,35.23901851125877,22.55169341204867,22.55169341204867,1248.7884256368382,0.0,30.701529495645698,True
39000000103,3800000000000000103,224.0435752622086,77.9295620438524,8,268.62309986425794,98.07467173070724,69.09200525173688,69.09200525173688,9626.641235085985,0.0,100.43475483322518,True
39000000104,3800000000000000104,16.580424308384295,58.88872105914129,6,128.31378120365733,21.300752507314083,8.099114996187428,8.099114996187428,459.72205737784725,0.0,21.44705566702918,True
39000000105,3800000000000000105,20.773054229723588,18.880188416566583,4,161.308878939761,28.671108960633052,10.081017970136205,10.081017970136205,826.032489032493,0.0,52.30406251200312,True
39000000106,3800000000000000106,186.0114186814564,53.46538791330576,4,216.0732695652544,76.57723501007939,25.91773436071396,25.91773436071396,5868.072921788928,0.0,114.93256532060398,True
39000000107,3800000000000000107,17.150852677142375,49.94241465850163,5,113.7828971401666,41.375257613644855,22.76487647430964,22.76487647430964,1716.9119425954768,0.0,54.62327749498332,True
39000000108,3800000000000000108,256.5436799154646,59.84574131561996,7,194.7537022792216,38.848852343700024,29.02027530717443,29.02027530717443,1516.233328422607,0.0,27.270726525442996,True
39000000109,3800000000000000109,306.1697813139016,7.90644928923156,8,129.74967819918973,35.57892543386688,27.735996162696754,27.735996162696754,1273.8599350286595,0.0,24.318426595565327,True
39000000110,3800000000000000110,302.03903797848386,-28.744021820051902,4,80.08224032308564,14.167248573303374,7.129284129541763,7.129284129541763,204.71093213776646,0.0,13.951051806670018,True
39000000111,3800000000000000111,293.90788258741105,25.166700762770716,4,220.1210711825384,49.43245372041162,10.385361418562278,10.385361418562278,2447.567480820637,0.0,51.56888489583641,True
39000000112,3800000000000000112,197.20248997799501,77.68532577452144,9,268.8510146466729,112.04419208125853,35.03004594166035,35.03004594166035,12562.900979141958,0.0,127.84168370332947,True
39000000113,3800000000000000113,27.71260814338786,-21.685802476052633,3,213.29703338682597,51.857523847684,4.441995097126996,4.441995097126996,2692.2027796131147,0.0,68.2239093032194,False
39000000114,3800000000000000114,261.2613277310772,37.89739229335983,8,144.97139202097503,61.660601156617695,44.56663254803433,44.56663254803433,3810.029734995483,0.0,58.20412589826898,True
39000000115,3800000000000000115,29.213704273046094,74.6639781194466,8,77.48802183171908,18.378971437479887,11.26152396730666,11.26152396730666,345.78659109970147,0.0,19.51561526693081,True
39000000116,3800000000000000116,309.53658074085934,-26.149129371251377,4,124.64768057434867,22.40442947902325,1.7089236805826131,1.7089236805826131,505.9584602805261,0.0,26.667511042482484,False
39000000117,3800000000000000117,235.86253722876168,-1.3739742216247706,5,138.68188451009624,29.74706830148932,17.854355690737115,17.854355690737115,889.8880725334707,0.0,25.146766921209352,True
39000000118,3800000000000000118,286.01482811345664,67.28142017252685,8,170.292961812552,51.63618169816411,33.82208471045304,33.82208471045304,2674.295260365818,0.0,42.40943031434177,True
39000000119,3800000000000000119,20.783577321042195,13.01361560401385,6,223.85353729339533,109.02251479112887,36.70300633227019,36.70300633227019,11891.908731381915,0.0,172.16288940737184,True
39000000120,3800000000000000120,184.42251260765462,-17.42856530022226,5,207.41807654376558,54.01462746434022,28.893890827522167,28.893890827522167,2922.579980111457,0.0,58.839907536007146,True
39000000121,3800000000000000121,120.10622250127163,57.071402285050695,4,71.5027669087103,10.14104214892522,3.7865358815998635,3.7865358815998635,106.84073586627783,0.0,10.116981628873946,False
39000000122,3800000000000000122,125.98017823067032,72.22172424882653,8,227.21884357016484,33.401007789313226,24.350895318725524,24.350895318725524,1123.627321341763,0.0,23.470503547167294,True
39000000123,3800000000000000123,56.33161776129621,22.1313342127713,8,200.70246250716093,55.290077617970276,30.374905043089598,30.374905043089598,3064.9926830011777,0.0,53.70812706672953,True
39000000124,3800000000000000124,22.730505453860875,55.446953174794984,7,131.65999031614638,33.24131633945287,21.628505622231735,21.628505622231735,1111.9851119795765,0.0,32.47827850869389,True
39000000125,3800000000000000125,86.93873469247242,-25.56140904543303,9,232.35919386815846,39.42998306453871,30.27473709992731,30.27473709992731,1563.7235644698096,0.0,28.078420952751337,True
39000000126,3800000000000000126,312.62788365889753,11.70404242132117,7,240.27250728103175,48.47859784649088,33.541485533150166,33.541485533150166,2357.17444916179,0.0,35.60324524127917,True
39000000127,3800000000000000127,233.5100244367736,0.2817034797046176,4,165.34882334694572,39.70427247834801,19.093488578051755,19.093488578051755,1580.429253034903,0.0,79.6411211025988,True
39000000128,3800000000000000128,210.4199263910845,61.717114601071,5,222.96777894908848,50.173235481014956,39.6908939470824,39.6908939470824,2522.353558633378,0.0,45.13031211689391,True
39000000129,3800000000000000129,103.14703761376425,58.29043435882227,4,125.1928017698677,14.873054352236965,2.21134062119384,2.21134062119384,225.2077457645949,0.0,16.29357281921043,False
39000000130,3800000000000000130,26.935633870190294,18.230238677563598,5,80.79991095902659,14.934583636196928,10.389039263952192,10.389039263952192,228.04178838656105,0.0,13.452021606385623,True
39000000131,3800000000000000131,49.37345573498754,33.876899300971345,6,219.4477446579171,77.29467156696708,48.993603659817545,48.993603659817545,5980.4662526453085,0.0,87.32990092014441,True
39000000132,3800000000000000132,251.47102507528936,15.775990440466742,8,36.718668049891576,13.339363968156375,9.340593369419878,9.340593369419878,185.9386310749486,0.0,12.367959304095447,True
39000000133,3800000000000000133,355.8677932783608,-27.223891956690938,8,183.06402699249784,45.272289512115464,30.743029796395476,30.743029796395476,2057.5801976688,0.0,42.45311846206975,True
39000000134,3800000000000000134,73.6014140871383,7.44527117256856,9,209.44307674727196,79.7528872866046,56.95808444179405,56.95808444179405,6369.523030549859,0.0,78.86899334360992,True
39000000135,3800000000000000135,141.15368768564616,52.584661413216125,5,272.2656365651514,161.0876006539201,45.2938455521952,45.2938455521952,25954.21508443684,0.0,188.1308125101582,True
39000000136,3800000000000000136,235.218059452325,-8.845911436300977,5,88.18026450229678,36.524864685296464,0.0,0.0,1339.065740279217,0.0,53.1066223640991,False
39000000137,3800000000000000137,160.8172298130673,25.166975638518302,6,140.80355403201335,46.001474161616635,32.29066355434015,32.29066355434015,2122.135625041883,0.0,47.70031044378031,True
39000000138,3800000000000000138,106.22604573515137,2.874284878493384,4,29.537843332215807,2.9922591625842294,1.8683703909961644,1.8683703909961644,12.953614896069274,0.004737997223764001,2.847832416177826,False
39000000139,3800000000000000139,16.28970804679963,-6.030042092278517,3,174.22096112365818,36.56201484638745,2.839084910928572,2.839084910928572,1339.7809296274563,0.0,64.49074317022661,False
39000000140,3800000000000000140,18.995492829456943,46.121238154132016,9,276.3082882617024,120.16189690665253,87.08815289598496,87.08815289598496,14447.88146820499,0.0,96.51104235414866,True
39000000141,3800000000000000141,119.55952199092485,72.09120190607652,9,290.7812570374325,121.603976287833,76.72488932527762,76.72488932527762,14796.527049011853,0.0,111.45167896690562,True
39000000142,3800000000000000142,180.8738233798955,50.46349956734274,8,137.7044116768775,37.7609988652907,21.89704971005941,21.89704971005941,1433.8930353044857,0.0,32.168399663239654,True
39000000143,3800000000000000143,321.69405112204737,42.38604822473428,3,138.117076714627,42.17379620541812,21.667224230133453,21.667224230133453,1781.6290863761399,0.0,44.92903107279248,True
39000000144,3800000000000000144,43.339528364072045,73.23827618204434,8,246.1825683602278,56.2639439268679,28.94668973285452,28.94668973285452,3173.6313862057355,0.0,49.19522860733262,True
39000000145,3800000000000000145,2.2526895695292826,-23.192572815147724,9,243.55858403302327,93.4949483789845,69.11735855555146,69.11735855555146,8750.305372388977,0.0,77.48119167881815,True
39000000146,3800000000000000146,177.31273705714415,18.631773814769204,5,93.1280420121907,26.375442898064463,10.986421237216561,10.986421237216561,700.6639880690591,0.0,34.396186808456946,True
39000000147,3800000000000000147,40.00937303952447,41.29155379875357,5,196.16403067204493,41.03802719282306,23.35875076210998,23.35875076210998,1689.1196758788847,0.0,44.57165023447617,True
39000000148,3800000000000000148,153.89512347249646,6.331313425229283,6,243.41008008192506,58.02458646069904,28.519300165547104,28.519300165547104,3372.852633935139,0.0,63.52421791925826,True
39000000149,3800000000000000149,234.75350227739423,55.901129202469946,3,184.6534307224175,32.03496084508144,0.0,0.0,1029.2387163459014,0.0,35.268847397616234,False
39000000150,3800000000000000150,227.29511737737036,16.90381924817848,9,264.1560239508849,55.74439930049284,46.50357280040833,46.50357280040833,3116.4380533727867,0.0,31.30234567040536,True
39000000151,3800000000000000151,272.2803370498392,-21.016599655389413,6,92.20207106106454,17.638470301992346,13.453254988912967,13.453254988912967,317.115634594266,0.0,14.139713152659278,True
39000000152,3800000000000000152,30.6202987761268,30.376008169685974,7,200.4195062836345,39.7940699960718,31.138787522946345,31.138787522946345,1590.5680068522615,0.0,28.003451764884865,True
39000000153,3800000000000000153,358.08629947073536,-19.824951826713985,8,269.0561224497031,68.89693455834113,51.670330789125146,51.670330789125146,4754.78759153634,0.0,51.696593579055055,True
39000000154,3800000000000000154,110.79752590553367,37.500169328832214,5,40.83189751621464,17.723397179957097,6.104129293173244,6.104129293173244,319.1188075985112,0.0,21.204111562272832,True
39000000155,3800000000000000155,332.6787777280606,77.26979735730592,3,149.32663357943477,21.153088494216462,0.0,0.0,450.4531528441529,0.0,23.333996883912423,False
39000000156,3800000000000000156,338.5814230365849,41.364192477532455,7,119.53551196297228,33.625988753408826,21.698105558751738,21.698105558751738,1137.7071196443767,0.0,29.24968399616053,True
39000000157,3800000000000000157,190.7893227677114,44.62310740533144,4,76.72420084749264,16.062027533209463,6.386207201084646,6.386207201084646,261.9887284775789,0.0,40.73377911687619,True
39000000158,3800000000000000158,4.646602073157111,-5.064028271758396,8,86.0358351718817,23.20266207561967,17.573994900753636,17.573994900753636,546.3635273953994,0.0,16.528050964136735,True
39000000159,3800000000000000159,282.385970356607,35.841929253953595,5,142.68594727220292,19.783324895416598,12.98712153632423,12.98712153632423,396.3799439176102,0.0,15.194890017780033,True
39000000160,3800000000000000160,330.31548347534806,55.559236890429574,9,229.54210644611368,63.040593655024374,49.209650425103035,49.209650425103035,3983.116448377899,0.0,41.3350457712619,True
39000000161,3800000000000000161,1.5074797060648315,43.747776717660926,4,50.873323163791795,12.578954258215743,5.226546216222125,5.226546216222125,162.23009023028396,0.0,14.243155191185387,True
39000000162,3800000000000000162,119.515129715773,55.97958138585719,5,154.24324062375263,47.444514720797805,20.966414748351617,20.966414748351617,2255.9819770919994,0.0,59.64985438502925,True
39000000163,3800000000000000163,358.7494711675029,-15.12609549158598,7,117.17700581115885,21.551011159982473,15.633977684693129,15.633977684693129,471.4460820176891,0.0,15.481210427527087,True
39000000164,3800000000000000164,75.63858944844665,51.64985314775154,5,71.54520961535479,12.603844598605425,9.71364874265688,9.71364874265688,163.85689866579517,0.0,9.709758334497721,True
39000000165,3800000000000000165,210.5380120700847,73.56216612566719,5,202.7178008242001,47.64461002908686,24.114700086754805,24.114700086754805,2275.0088648237647,0.0,51.74001067418911,True
39000000166,3800000000000000166,5.2592389591978295,9.641304159948774,9,46.567884493109354,14.107351009602178,8.621543682569904,8.621543682569904,208.0173525081236,0.0,12.971069871401939,True
39000000167,3800000000000000167,109.21879570648794,56.00800042965787,9,197.29779812259494,70.46444424055481,38.723237786673266,38.723237786673266,4974.237902130259,0.0,63.183423283026556,True
39000000168,3800000000000000168,333.43387267836425,65.84467719715389,9,88.04239086992885,22.40837448172958,18.297177716799087,18.297177716799087,511.13524691342946,0.0,21.8022593057773,True
39000000169,3800000000000000169,340.4698928013348,4.421150283170483,4,56.34263824414397,16.88303243958442,2.678494398576353,2.678494398576353,289.03678435605985,0.0,27.67117824481396,False
39000000170,3800000000000000170,353.2469750839664,72.5737815948782,5,168.223441945072,50.38339972005643,23.24585603362804,23.24585603362804,2543.4869673509825,0.0,50.21658649764005,True
39000000171,3800000000000000171,182.79282174788477,-14.779124580738774,9,218.33088755238123,82.37015331096147,58.01658617804136,58.01658617804136,6793.842156471296,0.0,63.72105417111642,True
39000000172,3800000000000000172,150.73025159796632,-5.8401578545974075,5,64.49672675573731,12.021125138830365,7.318259719462912,7.318259719462912,149.50744960341936,0.0,10.141940020802732,True
39000000173,3800000000000000173,267.8502889251636,48.210105814479235,3,58.49939134799975,9.311490073138287,2.9575139554113057,2.9575139554113057,89.70384738215286,0.0,16.89459819671572,False
39000000174,3800000000000000174,173.96354731515666,78.55855399271273,4,53.4154561146739,8.108431009958673,3.94425113549029,3.94425113549029,69.74665344325942,4.884981308350689e-15,8.531271269418085,False
39000000175,3800000000000000175,21.681700164107085,2.7415305325108505,8,162.72848034065055,71.314535792783,36.179610574197504,36.179610574197504,5093.763015340128,0.0,69.58948648268023,True
39000000176,3800000000000000176,173.82645878763773,-6.648579416454954,3,102.752982948245,59.479172909632545,2.000368350110874,2.000368350110874,3540.7720100139663,0.0,86.64246134501953,False
39000000177,3800000000000000177,148.8659509043853,-25.620741660967077,6,180.99939664879383,46.0289347473698,33.25227876250426,33.25227876250426,2124.662833977627,0.0,38.706533371749785,True
39000000178,3800000000000000178,162.1016941793493,28.422044597128036,4,21.076157142449787,2.516227835032945,0.0,0.0,10.331402517794581,0.015949309958885327,3.481049250158233,False
39000000179,3800000000000000179,139.2506071386768,-21.136110648483506,9,198.0570593063112,61.540419042999645,46.37279120803071,46.37279120803071,3796.2231759879937,0.0,45.646222175343006,True
39000000180,3800000000000000180,267.8058674287747,71.11288341590976,8,66.27612964465368,13.274744480572899,10.262762509384205,10.262762509384205,184.21884102450065,0.0,9.950607789010496,True
39000000182,3800000000000000182,14.135418593517684,77.50122054946222,8,53.826055739843646,11.743880719882792,9.5634193559722,9.5634193559722,145.91873436283475,0.0,7.68806649636274,True
39000000183,3800000000000000183,42.87835291561785,-14.539815920490279,9,132.56991717369664,53.87298830889806,34.94170916237313,34.94170916237313,2911.2988693306665,0.0,45.886407259395334,True
39000000184,3800000000000000184,176.32291247576666,28.152226438820314,8,55.97754198122516,15.798422046195332,10.413244102922583,10.413244102922583,257.5901391497107,0.0,13.556506030640822,True
39000000185,3800000000000000185,17.878136925498794,38.587111469156994,5,169.53457884161926,62.14745464461465,15.876902448531986,15.876902448531986,3867.306118804435,0.0,74.48006786647724,True
39000000186,3800000000000000186,119.67360918277146,4.708649872944903,8,53.88654111643925,37.39144240690512,27.747484341122224,27.747484341122224,1406.1199652689024,0.0,29.621925374574527,True
39000000187,3800000000000000187,326.2440669966499,51.77786913518139,7,83.46972530282665,41.55196002294284,29.165761544127434,29.165761544127434,1733.56538174824,0.0,34.57388618004951,True
39000000188,3800000000000000188,327.17753917807045,53.6440074016231,4,133.39236941931154,21.44132245683436,14.865045765322183,14.865045765322183,463.7303086979494,0.0,21.236991223322338,True
39000000189,3800000000000000189,318.6859963347235,-20.462277564479578,5,92.75509232062242,24.80840543098229,13.521876790661409,13.521876790661409,620.4569800279916,0.0,23.230465512537336,True
39000000190,3800000000000000190,86.04523247973961,39.1760186686993,6,196.76807022621654,32.38713910615278,17.51123218856365,17.51123218856365,1054.9267794812909,0.0,28.831856483137607,True
39000000191,3800000000000000191,127.72702427629993,13.998132012292537,3,56.45341640092383,6.77833042057567,3.498971047727766,3.498971047727766,48.94576329050154,2.3526736114831692e-11,7.031456609052939,False
39000000192,3800000000000000192,258.25059109309205,18.791968004835304,5,122.21834646728718,21.149224396493633,13.800112700231512,13.800112700231512,452.2896925732415,0.0,18.690035991504576,True
39000000193,3800000000000000193,123.48961653240877,78.69364835500988,8,279.0399230813461,107.1340730198602,42.080369294740784,42.080369294740784,11485.709601824736,0.0,150.71761561013278,True
39000000194,3800000000000000194,202.2966912670788,-17.687196405173182,4,38.78363925869755,5.6887040224495005,2.658224459740122,2.658224459740122,36.361353455033125,6.280273967540495e-08,13.084047050267293,False
39000000195,3800000000000000195,170.00945962025708,5.676176705066325,3,223.8342073086613,28.850550733980068,0.0,0.0,835.3542776539579,0.0,43.000408500728945,False
39000000196,3800000000000000196,327.45434079994,-29.319779509501366,3,133.86005555361913,30.160399223085392,3.2218731845435733,3.2218731845435733,912.6496812958899,0.0,44.21559189560764,False
39000000197,3800000000000000197,240.48117026748506,-15.334050202316734,4,166.915413614116,18.41812585324361,9.803890318742726,9.803890318742726,343.22735994592057,0.0,16.330762312762875,True
39000000198,3800000000000000198,164.8441062457457,13.392732992274325,8,87.85907016914805,36.720343356776894,22.450741268793152,22.450741268793152,1356.3836162395887,0.0,48.97570680296063,True
39000000199,3800000000000000199,188.09885120061185,40.51273433988901,5,34.73856336702265,13.719414707602715,10.648455994619042,10.648455994619042,193.22233991918569,0.0,9.883253839642482,True
39000000200,3800000000000000200,26.159611529216416,-8.099723807048179,3,184.012372678531,32.36628665998005,0.0,0.0,1050.5765121560023,0.0,44.345892762530454,False
39000000201,3800000000000000201,288.04952979074733,-3.417518709889631,3,157.06687890127674,23.094968249538457,5.213400596445949,5.213400596445949,536.3775584471895,0.0,23.841170452112795,True
39000000202,3800000000000000202,196.87722256347587,48.59056522743599,8,97.38532807310358,30.771493157241967,13.088795628778014,13.088795628778014,954.8847911261892,0.0,31.164600737991325,True
39000000203,3800000000000000203,232.70665508211204,20.41998273689368,5,76.56172727926504,29.923040224501857,7.137885639600929,7.137885639600929,900.3883362771562,0.0,37.78158900129461,True
39000000204,3800000000000000204,335.6453309881359,64.40274700747328,9,254.47629707112796,68.28009001972822,54.52118431960354,54.52118431960354,4671.17069310219,0.0,45.159892361271915,True
39000000205,3800000000000000205,353.6937290164492,70.30004264933916,4,298.2955799978506,32.15058913325465,5.858992455732473,5.858992455732473,1037.660381615352,0.0,43.18963042421123,True
39000000206,3800000000000000206,180.37448531445725,33.00365862505954,8,89.27507756669674,16.41795056452287,13.79171558119314,13.79171558119314,277.5491007391168,0.0,10.653569683895595,True
39000000207,3800000000000000207,9.579011787966287,50.875136991175566,8,247.9004328576861,109.49151614359586,69.12362439618609,69.12362439618609,11996.392107423311,0.0,103.67303513438655,True
39000000208,3800000000000000208,107.97785632730289,-27.891532372252446,5,223.0081098511689,72.03987617863824,45.98433930426528,45.98433930426528,5194.743759833528,0.0,79.02208958691345,True
39000000209,3800000000000000209,213.72646316714395,53.03102041985643,5,49.14095909389367,13.526432083700364,6.754235312477805,6.754235312477805,187.96436491495857,0.0,15.236303597058173,True
39000000210,3800000000000000210,25.573471705202845,60.013859944283325,5,254.52440146661303,75.71377178674625,32.05399710738223,32.05399710738223,5737.575238175492,0.0,79.14578254425653,True
39000000211,3800000000000000211,58.901833489779456,46.09554030561806,6,68.18570780369505,12.89316313436141,8.602013974156387,8.602013974156387,172.23365560925615,0.0,10.746575289853771,True
39000000212,3800000000000000212,34.40127742500068,68.79610893021108,8,208.73236538264516,56.635641177304386,38.52329643720406,38.52329643720406,3215.595851564376,0.0,42.700008266519866,True
39000000213,3800000000000000213,293.7440841894744,11.61471678817854,5,91.3389068007982,19.808919686906393,6.1945294545276575,6.1945294545276575,397.3932991623076,0.0,23.34921578652043,True
39000000214,3800000000000000214,292.89917281224814,48.644810590695485,8,135.6980659923726,44.83034451037561,26.944622803973015,26.944622803973015,2017.7597889189647,0.0,51.66610047483468,True
39000000215,3800000000000000215,2.6867305501989858,16.49552816231683,5,150.59016933177782,38.82947404470453,20.308257262400467,20.308257262400467,1512.7280545883827,0.0,46.09399397517613,True
39000000216,3800000000000000216,194.84575719617885,-24.180182340226917,3,96.835969502133,22.370157676260693,4.427287389989954,4.427287389989954,503.4239544607652,0.0,45.93560748679092,False
39000000217,3800000000000000217,120.74645285868489,74.74904159867096,4,189.55652221283898,30.08923779469595,12.192439719977964,12.192439719977964,909.3622310657591,0.0,32.03785880998174,True
39000000218,3800000000000000218,74.44716337589188,71.75710120917604,9,184.22702398609297,59.45864973787842,38.86278563652265,38.86278563652265,3544.331028651709,0.0,46.48650424073695,True
39000000219,3800000000000000219,303.9069224966694,-14.676742742129425,4,151.81695684412665,26.439353500243296,17.126159003186675,17.126159003186675,703.0394135108274,0.0,21.550562298719612,True
39000000220,3800000000000000220,181.1593493491084,54.16637348473904,9,111.40778150661224,40.6016668620752,24.55969722195852,24.55969722195852,1657.495351978935,0.0,34.05664064677988,True
39000000221,3800000000000000221,325.03248843557407,46.643029642894476,8,247.38073161007208,55.91441296017874,35.969863911770936,35.969863911770936,3134.421576681404,0.0,58.45801639560141,True
39000000222,3800000000000000222,337.01869495835876,26.486965341594704,3,63.73993491523853,15.213035535400694,8.304410990647071,8.304410990647071,234.43645020136427,0.0,18.01864260666388,True
39000000223,3800000000000000223,327.0049956874835,36.50315212840664,3,138.7541224467111,26.13471923546224,0.0,0.0,686.02354951644,0.0,49.609789532549485,False
39000000224,3800000000000000224,87.64813586403365,20.354107397454754,4,35.1439211069168,6.609971104008105,0.0,0.0,47.691717995822124,2.476694405117996e-10,7.0762205421057995,False
39000000225,3800000000000000225,209.9794309700748,50.82352177343165,6,40.1151870534786,7.828493815156651,0.0,0.0,67.28531541394594,3.75921516138078e-13,8.813732987835419,False
39000000226,3800000000000000226,27.894105559973767,-28.016809014519655,5,80.6101058780572,34.37835838520344,5.379366464483526,5.379366464483526,1186.871525261488,0.0,63.95490917814135,True
39000000227,3800000000000000227,132.98081920384095,-12.450604764273407,9,204.55870800985986,78.12155067283473,59.01020518655302,59.01020518655302,6111.976679528284,0.0,59.834891682699805,True
39000000228,3800000000000000228,32.55083200499787,74.26422239790269,8,164.48814715132312,57.572359150038125,30.319141808198914,30.319141808198914,3322.5765381009787,0.0,60.83979374188375,True
39000000229,3800000000000000229,138.15808487186732,76.92872690220129,6,115.5892729209881,42.702820837393524,23.723139249582523,23.723139249582523,1829.5309074705303,0.0,72.37666069927151,True
39000000230,3800000000000000230,77.56664661926281,-16.746999531768527,5,188.6480009592152,70.48829436902278,33.45016916188051,33.45016916188051,4973.599643054009,0.0,92.88755760326288,True
39000000231,3800000000000000231,258.4334089986943,79.18881032981572,8,59.86915921990292,8.39110524366898,5.259561282329681,5.259561282329681,78.41064721032905,2.90878432451791e-14,6.948684782591411,True
39000000232,3800000000000000232,241.4618371593363,-0.3616609065979475,4,50.16141053059752,9.943035884273002,0.6157623651183045,0.6157623651183045,102.86396259594058,0.0,12.070606815405393,False
39000000233,3800000000000000233,245.73574072126996,65.86373959331272,3,91.20400128870715,27.744677840507478,1.7001245772760274,1.7001245772760274,772.7671484735467,0.0,55.04085331517454,False
39000000234,3800000000000000234,26.310632769414084,0.10330234136034377,3,98.28490387577811,26.13443531994804,7.9932351048755095,7.9932351048755095,686.0087094925475,0.0,36.1251614241804,True
39000000235,3800000000000000235,227.5640742416483,25.386486242779625,5,71.34735973394842,11.464810105251516,7.2706995963853895,7.2706995963853895,136.44187074947726,0.0,9.225489415057579,True
39000000236,3800000000000000236,165.4613106238535,39.135429009192464,3,189.90368728442772,22.623504531115977,0.0,0.0,514.8229572694252,0.0,27.863273756143386,False
39000000237,3800000000000000237,188.17540346433637,-27.404883544112455,5,101.05555483731663,19.520073281086177,11.953381569407588,11.953381569407588,386.0332608989745,0.0,18.496872110136355,True
39000000238,3800000000000000238,41.30710500174908,-16.124857618223274,8,274.2191273965469,94.92871100507446,62.10229799519149,62.10229799519149,9019.460173084946,0.0,100.54305956932548,True
39000000239,3800000000000000239,332.87709944960886,26.884508121170185,8,39.73583998844904,15.0453087856498,10.46930366031517,10.46930366031517,234.36131645555105,0.0,15.736494464292269,True
39000000240,3800000000000000240,332.3407362315046,-7.2692496619124185,8,228.74702474941756,111.69805137387176,60.10181007590075,60.10181007590075,12484.454680720095,0.0,124.26613184214168,True
39000000241,3800000000000000241,324.5872426150896,71.88122850560893,3,147.51491496082775,46.16338914203247,10.816601123588189,10.816601123588189,2134.0584970787213,0.0,53.63934387721453,True
39000000242,3800000000000000242,145.21114980948715,44.41193578416521,7,198.32266319377294,39.87572601668216,31.587440537953185,31.587440537953185,1597.0735253575021,0.0,28.427483435336637,True
39000000243,3800000000000000243,138.24686662738495,63.98394646582483,6,165.5246430647936,26.976223491705724,14.478213089584651,14.478213089584651,733.7166338744557,0.0,23.927894898222846,True
39000000244,3800000000000000244,276.1814586416619,76.99576175871938,8,255.35268146952697,64.74248135177332,49.08972940814775,49.08972940814775,4199.588891584716,0.0,42.874903357562744,True
39000000245,3800000000000000245,322.1091254992684,-0.5564719086272696,4,76.0184192038835,11.652927102448695,2.5850328302354026,2.5850328302354026,139.79071005498332,0.0,12.870213952674307,False
39000000246,3800000000000000246,6.352257664298104,26.870691153067952,9,236.54509439747852,77.50222027022248,48.81615130871908,48.81615130871908,6015.594146814084,0.0,87.97445138712807,True
39000000247,3800000000000000247,291.1890740520835,2.417150687408075,3,69.65727802222285,7.986005951276345,1.8166792701749868,1.8166792701749868,66.77629105382121,3.1086244689504383e-15,9.005225502313532,False
39000000248,3800000000000000248,255.16773536621542,-10.433222499330853,8,29.699104243037084,11.023212732765572,8.32559795424268,8.32559795424268,129.511218951805,0.0,7.933975856833,True
39000000249,3800000000000000249,313.20897318725963,39.971619810798046,7,262.31391922113454,58.78019768750617,34.14393797559872,34.14393797559872,3462.1116401823056,0.0,48.43651219594676,True
39000000250,3800000000000000250,283.8238311401685,59.991458515392324,8,244.77456234140683,83.29493485039623,56.999554251988044,56.999554251988044,6946.046171731753,0.0,64.1528769609092,True
39000000251,3800000000000000251,351.0880327022251,76.23474882727159,3,98.36588588050739,30.419581275317366,2.002722426398493,2.002722426398493,928.350924965639,0.0,39.04894126489541,False
39000000252,3800000000000000252,216.87879955011937,-18.202848315456933,8,63.05491749401939,9.375092335192777,7.066535868661475,7.066535868661475,95.89235629339035,0.0,6.6175498234594405,True
39000000253,3800000000000000253,167.57531007829178,73.75154346627959,7,112.46165842528569,39.6163253648342,23.965951542539337,23.965951542539337,1576.4532354124058,0.0,44.01386310053107,True
39000000254,3800000000000000254,275.4973886821045,9.1887593672255,5,59.391862661313645,15.90013791775448,6.135026765065845,6.135026765065845,257.81438580361373,0.0,19.18777322436505,True
39000000255,3800000000000000255,115.40276076993284,-19.712786404229952,6,224.59166629978375,52.79675080735721,22.44100037449859,22.44100037449859,2793.4968958141744,0.0,55.759323498397784,True
39000000256,3800000000000000256,105.41263202538076,11.260934585018497,6,49.712991924224525,15.241840866004999,4.976926200035972,4.976926200035972,238.31371298462,0.0,14.90434087649252,False
39000000257,3800000000000000257,156.97691068268847,52.35393927760899,3,43.89285670007872,7.901161258772242,1.5822979418911558,1.5822979418911558,65.42834923712336,6.217248937900877e-15,10.85030612590072,False
39000000259,3800000000000000259,86.88589338149995,-21.361013292792144,5,276.7579666700543,59.11315401046836,35.53761878603623,35.53761878603623,3499.364977065351,0.0,56.558203529447695,True
39000000260,3800000000000000260,182.07822019291592,-28.02130552703736,5,72.84612738044709,45.257751401263604,13.463218230564506,13.463218230564506,2053.264061898578,0.0,59.615605339052685,True
39000000261,3800000000000000261,280.26571682219884,-15.588391948448784,4,100.54674951548229,17.01378695985543,11.482091658375097,11.482091658375097,293.46894671534665,0.0,23.407935086036442,True
39000000262,3800000000000000262,115.7550596632337,79.80574284115924,9,103.79633814427329,42.605856808369914,32.85843805666227,32.85843805666227,1824.259034375321,0.0,36.17067938983733,True
39000000263,3800000000000000263,175.1192593710748,51.23929434234984,9,107.66300209149348,23.27375191813231,17.47654215314056,17.47654215314056,550.6675283467673,0.0,18.278715385533037,True
39000000264,3800000000000000264,86.13319059052701,0.8580604040941004,3,286.3537735675917,68.25663452719171,2.7769588655093207,2.7769588655093207,4661.968156978619,0.0,207.22969078787614,False
39000000265,3800000000000000265,319.2593542088253,11.618233985091159,4,219.40881941904826,33.559020162710276,2.771466298297283,2.771466298297283,1130.2078342811947,0.0,40.27793113652274,False
39000000266,3800000000000000266,319.181576036168,-1.066020470717671,5,57.299621935697914,14.397737918706428,10.519659380181372,10.519659380181372,212.29485717575687,0.0,10.50806254316554,True
39000000267,3800000000000000267,309.35698238537134,-17.898050675970204,7,259.3300678462184,53.44181677051571,34.768565826787786,34.768565826787786,2863.027779733374,0.0,42.17858024518146,True
39000000268,3800000000000000268,353.887199307489,71.74746430585382,8,156.2290193178311,41.215458264996855,31.860218032320084,31.860218032320084,1706.7139999936976,0.0,30.72601430709925,True
39000000270,3800000000000000270,23.130980263659975,40.705420506585156,4,149.34561397635827,15.010602874996462,6.2050061835969865,6.2050061835969865,229.318198670852,0.0,15.032607791493927,True
39000000271,3800000000000000271,23.90592724577905,78.82844654462431,4,31.546536952007276,3.5969128944119673,0.0,0.0,16.937782369987076,0.0007278732802594723,7.759798406947494,False
39000000272,3800000000000000272,4.8662178118992205,-12.161220014909315,8,70.71195087217497,37.75964059767622,25.814156992970286,25.814156992970286,1433.7904580656777,0.0,32.013368478298446,True
39000000273,3800000000000000273,202.01407647666278,45.6180547034954,7,221.77347489403166,64.12649640561328,11.570129089757076,11.570129089757076,4119.207541259134,0.0,83.27487908502158,True
39000000274,3800000000000000274,210.6280138943578,26.44870179636208,5,147.29471611829626,58.946668147391286,9.659709411084904,9.659709411084904,3479.7096856786748,0.0,104.21574121153438,True
39000000275,3800000000000000275,238.94436984981783,43.23628416157581,5,60.7416412527827,18.937437016853977,8.194291535276614,8.194291535276614,363.6265207673113,0.0,22.80897075799206,True
39000000276,3800000000000000276,70.23917520871561,68.18724608485617,4,72.16560964724593,13.486285440736676,6.257201473297042,6.257201473297042,185.87989498902604,0.0,26.54080399595723,True
39000000277,3800000000000000277,120.29148805819038,59.96945945156834,4,123.64942590748032,17.41974097210008,11.019972042354917,11.019972042354917,307.4473755350622,0.0,14.106552906468389,True
39000000278,3800000000000000278,99.44601898433167,57.1629852894695,8,42.180486184844824,4.89081037450352,3.621698178269264,3.621698178269264,31.920026119351256,4.202609094117182e-05,3.564342184251172,False
39000000279,3800000000000000279,201.72552276611643,50.14766724720546,4,143.63904937840408,29.497144912209883,7.73754758684034,7.73754758684034,874.0815579719094,0.0,34.37719797686182,True
39000000280,3800000000000000280,243.23186299135986,29.683299778913813,8,190.02986415450954,52.32085989200561,37.267541582291905,37.267541582291905,2745.472379838881,0.0,46.80407418698355,True
39000000281,3800000000000000281,43.2573331448239,28.800999923164305,6,173.10978530096128,60.18971931726325,26.42857074985122,26.42857074985122,3628.802311490933,0.0,85.92618587712623,True
39000000282,3800000000000000282,264.5461873798564,3.5032902917425233,3,40.57518988482996,3.7594886063332495,0.0,0.0,17.133754581149518,0.00019030599322888975,4.994027067984783,False
39000000283,3800000000000000283,184.83641896529525,41.56671755773138,5,184.4703849034219,53.38162973357898,18.842345207578923,18.842345207578923,2854.5983930129237,0.0,58.102895525251455,True
39000000284,3800000000000000284,280.44194181265357,-27.79420192375906,6,128.52540437869862,60.48493177848458,25.073795005391528,25.073795005391528,3664.426972247934,0.0,74.48172610997763,True
39000000285,3800000000000000285,202.08809670816166,67.1120139745887,5,158.01279612926874,34.55156066835336,18.10442019500744,18.10442019500744,1198.8103446189027,0.0,37.34568234228524,True
39000000286,3800000000000000286,304.12502563172814,68.73184127984761,5,63.32757228116836,10.249248254997998,7.171111828895525,7.171111828895525,110.04708979257951,0.0,7.839249477407278,True
39000000287,3800000000000000287,26.05550154988409,74.95448057281799,3,287.74030471978557,38.53535511968157,11.956418132831063,11.956418132831063,1487.9735941999686,0.0,46.47847518784597,True
39000000288,3800000000000000288,58.50563211256152,44.16173851514226,5,60.49173867269868,8.677919519437765,4.2496910458356565,4.2496910458356565,80.30628718583898,1.1102230246251565e-16,7.7922360349021424,False
39000000289,3800000000000000289,5.232288695756644,-21.095532777540832,4,182.6827869780028,31.192149862787453,14.638554554755087,14.638554554755087,976.9502130625913,0.0,35.61749524494624,True
39000000290,3800000000000000290,209.31296215287136,30.382577694927136,7,214.62611588706233,65.02397445885616,45.88924127315278,45.88924127315278,4235.117254425978,0.0,79.83637763740595,True
39000000291,3800000000000000291,130.5035032759645,34.53109605524176,6,124.87562990585214,32.64660519638254,22.855446652185922,22.855446652185922,1071.8008308484714,0.0,25.79928766948878,True
39000000292,3800000000000000292,137.90497310154242,65.60089755972014,4,262.35140923076165,34.225695347607996,20.674516663712748,20.674516663712748,1175.3982220272756,0.0,28.816073021676186,True
39000000293,3800000000000000293,269.6968163435514,6.165171624184978,8,166.28581333165144,45.43572659597448,31.582074557724354,31.582074557724354,2072.405251304143,0.0,45.015251423392755,True
39000000294,3800000000000000294,181.28522678527978,58.180684881450404,3,48.75850560908789,5.855297802407046,0.0,0.0,37.28451235487278,8.012554730818522e-09,6.668239004549056,False
39000000295,3800000000000000295,160.83714040857078,22.010818738593265,6,101.2610294253775,16.96971041440834,8.945797233377746,8.945797233377746,293.9710715488789,0.0,14.586597783320071,True
39000000296,3800000000000000296,137.30717156512443,-14.504453565405255,7,208.8711873920166,65.60506413390753,50.04560143148356,50.04560143148356,4311.02444001412,0.0,45.73745487983768,True
39000000297,3800000000000000297,289.70135414691515,37.70400556333911,8,212.1469827779208,108.69756801961589,66.81399886365276,66.81399886365276,11823.161293379022,0.0,124.91054363487017,True
39000000298,3800000000000000298,92.65156502458825,46.28608207509525,5,75.06506141905504,26.97890932546549,17.252511766152473,17.252511766152473,732.8615483916888,0.0,26.507880253127592,True
39000000299,3800000000000000299,219.92670797702274,11.602746226038576,5,208.53932543485894,59.6762280325488,31.038508649223303,31.038508649223303,3566.2521921927632,0.0,60.56474520317317,True
39000000300,3800000000000000300,313.27080857720716,-14.74822179753659,3,170.5685086850316,54.31571993665621,0.0,0.0,2953.1974322372726,0.0,126.37527054520284,False
39000000301,3800000000000000301,337.6993872794147,-13.155171933515575,3,32.11488581386271,3.216958217941963,0.0,0.0,13.348820175984331,0.0012628173172591906,3.6461680014468856,False
39000000302,3800000000000000302,37.98491270443239,45.13765327091366,4,121.95139189162623,22.820343399352318,9.802354259434049,9.802354259434049,524.7680728643629,0.0,31.816919519547632,True
39000000303,3800000000000000303,277.34824334471176,24.958025319863822,5,171.29047618906347,29.381584973614284,21.36810864344482,21.36810864344482,868.2775355617167,0.0,23.20870200826341,True
39000000304,3800000000000000304,253.27020246535096,40.93416477726994,8,201.22429168280206,91.73277679981315,33.817305993031724,33.817305993031724,8422.902339404338,0.0,136.72595691593412,True
39000000305,3800000000000000305,80.57451098031439,7.448518810936029,8,226.3207549240529,54.67589078192415,45.76780441115145,45.76780441115145,2997.4530327968987,0.0,31.074047187861222,True
39000000306,3800000000000000306,109.94885947539049,-12.657287052340124,6,83.87309150221678,31.85338022388768,23.665895933233145,23.665895933233145,1020.6378316875587,0.0,29.36533412055094,True
39000000307,3800000000000000307,36.63163026036567,-24.59321084028186,6,235.9452486837065,73.659269775956,60.4698155433322,60.4698155433322,5431.688023927067,0.0,45.77893816241668,True
39000000308,3800000000000000308,66.04483851319142,53.42440403376236,5,199.39761420351385,33.94840919974238,18.34828517897204,18.34828517897204,1157.494487193153,0.0,68.3115655909457,True
39000000309,3800000000000000309,77.34765831299931,-25.56368228433357,9,40.19640757368063,13.002021620328286,5.71335766122343,5.71335766122343,178.05256621548418,0.0,19.400710402317692,True
39000000310,3800000000000000310,325.30243312753583,-17.790570468600826,6,263.8734760538571,111.19364265464189,62.55630135730176,62.55630135730176,12370.026166808197,0.0,109.18218099097399,True
39000000311,3800000000000000311,84.0226570049257,19.870766616457303,8,199.59201166573632,40.3993159142826,33.103853386790256,33.103853386790256,1640.1047263420076,0.0,26.560966883088927,True
39000000312,3800000000000000312,349.0404750803467,52.087977966091714,7,190.75869493647937,66.02015972189987,44.75726195537773,44.75726195537773,4365.6614897051695,0.0,58.477362568721645,True
39000000313,3800000000000000313,17.264783677315553,55.295046605174406,5,217.66731353949547,51.46789546915218,36.40926655399183,36.40926655399183,2653.9442640235757,0.0,37.18505364887787,True
39000000314,3800000000000000314,74.46135982197904,41.94253854246365,5,23.37131230152817,3.3547126072969253,2.250930687283186,2.250930687283186,16.254096677556934,0.002696485585004682,2.7605418050404484,False
39000000315,3800000000000000315,246.81710395615477,53.47777351544913,3,93.32238979094598,10.824972509115154,1.6355695002786714,1.6355695002786714,120.18002982309883,0.0,13.203306343850644,False
39000000316,3800000000000000316,168.71458931869867,73.24360635446364,8,197.791599072948,77.80487228832222,34.18036113884564,34.18036113884564,6061.598151802131,0.0,80.35798467355242,True
39000000317,3800000000000000317,94.86257526750846,9.212433793256622,5,125.79569156270057,16.06115468075675,9.741596345693521,9.741596345693521,262.9606896791945,0.0,13.143973981648124,True
39000000318,3800000000000000318,134.51410669427432,12.69336024453468,7,124.07096298919343,49.770066606634266,23.545685548088496,23.545685548088496,2484.059530028811,0.0,71.1268863616438,True
39000000319,3800000000000000319,71.51423496521008,0.8780716711053422,6,238.49092297587524,52.963983401475716,29.603767707725993,29.603767707725993,2811.183537751795,0.0,56.41160232743047,True
39000000320,3800000000000000320,145.0404111780175,69.79674840047865,4,205.0759579393479,26.08731898746395,10.610227998511576,10.610227998511576,684.5482119536971,0.0,24.731117256882225,True
39000000321,3800000000000000321,325.03559294267853,13.393309448225587,5,248.90530691784363,72.76641135295947,16.44779177241187,16.44779177241187,5299.950621188108,0.0,135.27631583965237,True
39000000322,3800000000000000322,161.69335298359653,18.41328480834298,8,67.23596235137116,20.747966715968253,14.572989024004524,14.572989024004524,438.47812284692645,0.0,19.103897499063034,True
39000000323,3800000000000000323,218.23281129971951,27.613434620813486,9,119.70191573294282,88.02687688294593,46.87901927438835,46.87901927438835,7757.731053765319,0.0,89.30713341851671,True
39000000324,3800000000000000324,24.40670249812053,49.5938770483979,4,107.27379240704855,16.889796239197892,3.6592635157649345,3.6592635157649345,289.2652170016233,0.0,18.820132306755593,False
39000000325,3800000000000000325,76.9464943420039,42.305070767189974,4,216.76119363011088,21.81695301802383,12.94773632798089,12.94773632798089,479.97943899065916,0.0,19.91717552857818,True
39000000326,3800000000000000326,62.4859718945183,75.36188348933534,5,224.25079412759595,69.17954054704265,35.691910522322765,35.691910522322765,4790.808830299918,0.0,112.70349939230434,True
39000000327,3800000000000000327,253.72641597310638,7.308098577753711,4,77.54004964244031,28.826369314217224,8.974597584530402,8.974597584530402,834.9595678396445,0.0,40.182797521915305,True
39000000328,3800000000000000328,247.1941524074534,62.54924484357184,7,130.01795541267242,67.71609856751245,26.96257566960037,26.96257566960037,4592.470005205061,0.0,79.8837183056741,True
39000000329,3800000000000000329,287.37827875667,56.167036111708256,8,171.15655478679412,50.151809961745485,37.95771293098059,37.95771293098059,2523.204042439034,0.0,36.18419018831566,True
39000000330,3800000000000000330,248.33558567835428,23.002097893388402,3,232.1233267591328,62.25374734143265,4.788528254667532,4.788528254667532,3878.529058050933,0.0,167.5289281569545,False
39000000331,3800000000000000331,305.5648509993026,2.8014365663158713,8,120.44422281162329,33.690116720874954,23.446823914913153,23.446823914913153,1143.0239646661782,0.0,27.845985695383547,True
39000000332,3800000000000000332,189.745537864845,-25.797693786686985,6,102.75077810260521,13.157497222944034,10.190918409670653,10.190918409670653,179.11973317177996,0.0,9.276100139177348,True
39000000333,3800000000000000333,278.45064641619643,66.26330916207438,7,106.78136826332106,49.47170295334671,19.624335675111606,19.624335675111606,2454.449393104173,0.0,61.80376803319768,True
39000000334,3800000000000000334,28.6722464525157,17.25630177934014,4,103.27644666688266,14.424990900522646,7.268304348865118,7.268304348865118,212.0803624801611,0.0,13.907262363807055,True
39000000335,3800000000000000335,184.52974566496914,20.452375544160738,3,197.3213890397688,35.66011753105506,11.485486044411171,11.485486044411171,1274.64398232866,0.0,41.46315649611997,True
39000000336,3800000000000000336,186.35001684819642,12.015382094979572,7,131.7961341067358,25.518611277402098,19.621921327714084,19.621921327714084,658.1995215271536,0.0,17.088011190829558,True
39000000337,3800000000000000337,333.9220855748552,3.8496608300808077,6,129.97615465319547,34.91020925307425,19.914786688548702,19.914786688548702,1224.722710093431,0.0,44.76313584520677,True
39000000338,3800000000000000338,186.17413042219582,10.699877455597516,5,107.16356717612352,21.353241906125895,0.0,0.0,460.9609399015311,0.0,24.815041681626703,False
39000000339,3800000000000000339,86.00569044032756,-25.39962138348881,9,172.3896929003509,100.83814344800427,77.84412858669121,77.84412858669121,10177.331174040288,0.0,77.13823004863619,True
39000000340,3800000000000000340,237.9505754338833,5.519117543569109,5,186.6530349536862,37.63822544170616,28.2931789024175,28.2931789024175,1421.6360144006971,0.0,27.25192764178528,True
39000000341,3800000000000000341,125.46329392155077,-15.472650815405512,7,184.82950793473404,49.419346332565524,34.96811873348469,34.96811873348469,2449.2717919380575,0.0,46.55738747435531,True
39000000342,3800000000000000342,27.390501635582613,25.1231670907883,6,128.94299242195189,38.8825139725601,12.079200300053307,12.079200300053307,1517.8498928263311,0.0,57.66706962803607,True
39000000343,3800000000000000343,5.33119000774505,62.51494807638164,8,149.53861767878618,37.89964454923312,32.30631649708008,32.30631649708008,1444.3830569582158,0.0,21.314446596831047,True
39000000344,3800000000000000344,259.00928327281724,6.978187243753794,9,155.62990123091757,53.90103032915988,41.15316130289841,41.15316130289841,2914.3210705450133,0.0,38.09336803834107,True
39000000345,3800000000000000345,9.498102481993804,57.03168782931681,6,85.93764489565544,13.347658994219511,6.798684597436674,6.798684597436674,184.16000062596902,0.0,12.610620325758218,True
39000000346,3800000000000000346,275.68234537766074,18.532121243422566,7,84.65074363437257,18.978496255101653,11.49063698298399,11.49063698298399,367.1833201049075,0.0,16.182169617993555,True
39000000347,3800000000000000347,264.6083513441414,-9.251742905310579,7,86.17471282672108,15.025029116408808,11.818142192897612,11.818142192897612,232.75149994893243,0.0,9.726486440795007,True
39000000348,3800000000000000348,247.29387003874888,2.3403727454448457,9,144.47201686853236,69.32086347572726,29.867439608261577,29.867439608261577,4814.382113020418,0.0,71.79304871487605,True
39000000349,3800000000000000349,127.52856114812793,42.78185205139761,6,90.36480099185803,27.81641244965942,14.88498009126289,14.88498009126289,779.7528015695676,0.0,30.090923835363512,True
39000000350,3800000000000000350,343.6695547223286,71.83674044440252,8,102.91417227687212,26.13434106227375,17.31546059072287,17.31546059072287,691.003782759248,0.0,20.403598190202057,True
39000000351,3800000000000000351,60.959468666498964,61.51890584213821,6,241.59074402607715,90.68909614252694,55.70359582999763,55.70359582999763,8230.512159148495,0.0,94.89451862101573,True
39000000352,3800000000000000352,26.908525309073582,20.675347083034715,8,154.19503527098448,52.540608976235674,27.98498054231588,27.98498054231588,2768.5155915936966,0.0,60.023271047242226,True
39000000353,3800000000000000353,35.28194935353902,47.43362906641583,6,72.2504258565204,25.56327935412651,15.629064893333931,15.629064893333931,659.4812513371107,0.0,21.206389976148905,True
39000000354,3800000000000000354,36.862006605543556,-23.234368989549758,5,117.75100561832151,21.05466737897425,9.922323052857857,9.922323052857857,448.29901843924245,0.0,19.240471502478268,True
39000000355,3800000000000000355,161.81379435638874,76.91170057725687,9,134.02302642818887,47.163800701840046,27.298541418371972,27.298541418371972,2233.4240966428874,0.0,47.83416429201339,True
39000000356,3800000000000000356,103.02511348724664,-8.119150488905284,4,147.27746138076407,24.32851167262806,5.107198267977832,5.107198267977832,595.8764802051998,0.0,26.04713510330478,True
39000000357,3800000000000000357,134.4162814332624,69.23344620699264,5,156.68146435856954,29.31121653806862,19.64283072747063,19.64283072747063,864.1474149415474,0.0,24.108970767659212,True
39000000358,3800000000000000358,157.91593728613483,13.268812262253803,9,243.2048224660939,116.93529015855374,79.48281148820777,79.48281148820777,13682.862084465156,0.0,114.20408581920121,True
39000000359,3800000000000000359,151.8317929023106,-13.851820507060395,4,37.11797764266002,5.631787279280755,2.4347373988461656,2.4347373988461656,35.71702795906853,8.594272382644874e-08,6.3454256938123255,False
39000000360,3800000000000000360,268.65176196607393,36.50739848557437,4,86.14217111096667,9.600973451855806,6.500687129958604,6.500687129958604,96.17869122323998,0.0,7.391402199655271,True
39000000361,3800000000000000361,97.68925266880933,-9.627173719171715,9,186.15706805775784,55.10092509685546,38.73648583378893,38.73648583378893,3045.111946529276,0.0,41.55171537747974,True
39000000362,3800000000000000362,117.878602663464,-15.058432874540772,5,164.4068568125318,29.6079867902869,7.344222033195205,7.344222033195205,881.6328817738037,0.0,28.994385883928405,True
39000000363,3800000000000000363,250.84638502716285,35.56331770447812,3,45.933035048526776,5.99833583504556,0.0,0.0,38.98003278999172,3.4323647257750167e-09,7.789019783626813,False
39000000364,3800000000000000364,283.41010896097066,14.961514043393485,5,106.57289844056369,38.08992261901547,15.081568336684464,15.081568336684464,1455.8422051225862,0.0,66.78549480048568,True
39000000365,3800000000000000365,305.6524247820503,27.37594642902338,4,81.95940116211216,13.671245263671219,7.950547824044516,7.950547824044516,190.90294705945274,0.0,26.20688030188181,True
39000000366,3800000000000000366,178.66929725513154,16.021217561863224,3,252.90472596527155,35.25431076141126,4.6639038197550695,4.6639038197550695,1245.866427262158,0.0,41.53582327230359,False
39000000367,3800000000000000367,14.974544252329022,-27.45782646854286,5,172.11540084377623,28.116550875093697,13.967167648810898,13.967167648810898,795.5404331117322,0.0,24.889177826272014,True
39000000368,3800000000000000368,323.3319014394566,74.79319709082031,9,133.09848058883557,51.073970117506924,29.770600157354483,29.770600157354483,2617.55042356399,0.0,45.46551326808726,True
39000000369,3800000000000000369,269.86527077364855,-15.052523485964638,9,153.17309702748446,41.12693704905754,34.69738236324356,34.69738236324356,1700.4249510371415,0.0,23.32103814247758,True
39000000370,3800000000000000370,28.67097826404834,34.17791981819735,5,115.24645217743257,17.622758763168502,12.942514396508889,12.942514396508889,315.5616264248322,0.0,12.93496474374608,True
39000000371,3800000000000000371,231.79245391984549,53.92437663627172,3,184.69584739344575,47.33941412428093,7.547488240800852,7.547488240800852,2244.0201296301684,0.0,65.18934812370863,True
39000000372,3800000000000000372,321.40653825235887,41.929126100618305,3,71.59600289640689,20.505827958488197,2.852625582506074,2.852625582506074,423.4889802631162,0.0,22.82286428312879,False
39000000373,3800000000000000373,219.0724715798058,47.30701235156306,8,175.4250913130061,86.97678791182965,57.71713829686504,57.71713829686504,7572.961635459396,0.0,79.492602881806,True
39000000374,3800000000000000374,133.91811352409826,63.171323892799194,7,172.7642091597041,41.21483953488585,28.783769426276944,28.783769426276944,1705.6629978863896,0.0,30.581552103114564,True
39000000375,3800000000000000375,44.39008991571291,23.50912728601523,8,142.85936327017413,58.21479933527423,33.023227598711586,33.023227598711586,3396.9628616462446,0.0,84.14181323071655,True
39000000376,3800000000000000376,140.8961136109489,67.75625362632782,3,206.97959269718837,28.78226100487021,12.142981495023184,12.142981495023184,831.4185485524724,0.0,38.66784585681503,True
39000000377,3800000000000000377,119.91079731379425,-13.77237824049185,9,156.08283002965166,63.720232029832665,41.63955853847656,41.63955853847656,4069.267969935713,0.0,50.31039274234765,True
39000000378,3800000000000000378,195.07686237943918,-19.96306745653191,9,84.0534732839325,44.07414532083385,36.92897456894088,36.92897456894088,1951.5302857619804,0.0,30.896965490176378,True
39000000379,3800000000000000379,66.33542742146774,-6.563339388071093,9,89.41217346201829,36.26023824539363,17.20986972556884,17.20986972556884,1323.8048776127068,0.0,36.58964687556326,True
39000000380,3800000000000000380,31.907870909849073,71.44539568226028,3,227.81671073770076,43.17327772905984,11.57419903626217,11.57419903626217,1866.9319098705341,0.0,49.99054807031992,True
39000000381,3800000000000000381,207.735070316409,8.942160183521231,4,47.39189690811931,5.695570940188089,3.393383328111444,3.393383328111444,36.439528334715035,6.045688327738219e-08,4.954081562903618,False
39000000382,3800000000000000382,344.0236967212882,-26.85056867807819,7,194.10536529032143,53.37541795459391,20.35549835275478,20.35549835275478,2855.9352418275857,0.0,56.39632396374095,True
39000000383,3800000000000000383,314.45034158016153,-5.013527855154038,4,53.05566686169216,24.501198964590643,5.293459652698116,5.293459652698116,604.3087507024576,0.0,39.91181147918753,True
39000000384,3800000000000000384,87.48068908636289,57.5008113343614,8,158.77034085622526,41.132889229492726,28.755031465617662,28.755031465617662,1699.9145763657184,0.0,30.361706974883244,True
39000000385,3800000000000000385,177.05207603608415,-11.103197957445651,4,208.72019243629506,24.658372372824132,4.868689234211646,4.868689234211646,612.0353280768564,0.0,26.828408497916797,False
39000000386,3800000000000000386,105.44606881262247,8.072208580352665,6,116.03894758643594,38.9567052734052,30.08754095557023,30.08754095557023,1523.6248857589562,0.0,35.353199920214024,True
39000000387,3800000000000000387,171.35340852571932,79.31504130447247,5,56.78608819097553,9.908222303038922,7.041896087751116,7.041896087751116,103.17286920643794,0.0,7.373201718991426,True
39000000388,3800000000000000388,37.17317139698972,-24.270330238013397,4,71.8820090236021,20.07877121499041,13.503363466902975,13.503363466902975,407.1570535039275,0.0,16.228685048787533,True
39000000389,3800000000000000389,155.4238165834257,19.829791091296023,8,209.71866880983907,87.89571105903107,39.36264973302648,39.36264973302648,7733.656022572677,0.0,100.56029795684174,True
39000000390,3800000000000000390,61.50967177912732,4.22327488356121,9,57.415150776291384,13.560774329972789,10.15704719418539,10.15704719418539,192.89460042844897,0.0,12.069702844990148,True
39000000391,3800000000000000391,334.2679470152747,34.93289789311595,4,256.93050915711416,51.88995490603066,25.795106093036132,25.795106093036132,2696.567420149895,0.0,79.51575050823485,True
39000000392,3800000000000000392,173.4744182201965,31.940370565974206,4,115.62695123630823,34.77175971106142,1.9865834065742,1.9865834065742,1213.075273403794,0.0,48.32793355902915,False
39000000393,3800000000000000393,314.74676167998274,-15.202195848189701,7,61.79346336775984,12.014219014287475,7.837614388658678,7.837614388658678,151.3414585232667,0.0,12.62263133439458,True
39000000394,3800000000000000394,305.1248573168982,46.29794015611667,3,57.4386700644885,10.369419512021159,0.766221323768612,0.766221323768612,110.52486101628513,0.0,19.669388158451717,False
39000000395,3800000000000000395,327.19947853912845,-6.347517370819695,8,202.27394501958082,28.622398878962052,20.836157109046347,20.836157109046347,827.2417175864082,0.0,20.284933163844816,True
39000000396,3800000000000000396,262.0202985285738,-19.66990386858669,7,77.38408562864551,26.071781204904877,20.66147703387461,20.66147703387461,686.7377751964311,0.0,19.104680251111798,True
39000000397,3800000000000000397,164.0648930430545,-10.525441483410297,4,103.26297782789581,38.85129874189114,17.312704859210566,17.312704859210566,1513.4234139316723,0.0,62.593895198624026,True
39000000398,3800000000000000398,270.89031273687357,-26.633395402940533,6,37.577632716752035,9.208925124715067,0.0,0.0,90.80430195260841,0.0,9.742101803953418,False
39000000399,3800000000000000399,294.96015082759,-15.623192087685569,7,111.04344285169219,33.59965264309597,27.6284073823213,27.6284073823213,1135.9366577367064,0.0,20.28004272318916,True
39000000400,3800000000000000400,239.92927057933383,-15.180751040027003,7,200.32914292186473,79.36720999845312,58.72772948604318,58.72772948604318,6306.154022938556,0.0,56.27482893853132,True
39000000401,3800000000000000401,104.9676370472755,-15.830561886071306,5,56.41177936231655,14.418608272219055,10.7430761091652,10.7430761091652,212.8962645077038,0.0,10.29782327170382,True
39000000402,3800000000000000402,304.56123242306285,21.941762247999286,6,141.23023375476703,30.82100186229251,15.895251017738042,15.895251017738042,955.9341557954382,0.0,28.11481139354904,True
39000000403,3800000000000000403,294.9230076624368,-21.211694342950306,4,138.40159974126686,35.81375352928119,12.677646656622265,12.677646656622265,1286.624941856101,0.0,55.9346158246438,True
39000000404,3800000000000000404,192.8213214747595,-23.375759911024012,7,180.13375700118232,42.44950168499156,13.956844393176953,13.956844393176953,1808.9601933041015,0.0,45.137658459121546,True
39000000405,3800000000000000405,244.85707683319632,-23.605282987048856,6,116.40607427416991,17.41926436184752,10.146251570849266,10.146251570849266,309.4307709079311,0.0,14.61899332122777,True
39000000406,3800000000000000406,140.17926768036918,15.271132119953009,5,266.5877946082042,73.64717847445009,7.635581291476893,7.635581291476893,5428.906897247503,0.0,107.28227474933783,True
39000000407,3800000000000000407,13.601868503254249,-25.268463918193913,3,121.78276078308446,15.580607479634443,6.258922975144782,6.258922975144782,245.75532943444077,0.0,19.05130836340958,True
39000000408,3800000000000000408,80.04708691571321,29.92653194332255,3,219.1430719123608,28.26491709591574,12.90366969000496,12.90366969000496,801.9055384389899,0.0,34.67344931220628,True
39000000409,3800000000000000409,203.92797815266835,-13.567699855164928,4,89.54926580867131,10.10975850566592,0.0,0.0,106.20721704288441,0.0,11.542849708882217,False
39000000410,3800000000000000410,319.3807277860528,-1.4851964140325933,3,219.3553979819367,66.83824491422017,0.0,0.0,4470.350983213279,0.0,103.21901558253323,False
39000000411,3800000000000000411,146.95985613176353,0.12267710091850859,7,145.3406140267935,30.60163185199934,20.323643936770704,20.323643936770704,943.4598720053004,0.0,27.988074540907167,True
39000000412,3800000000000000412,309.86159839438693,74.83842482938233,8,51.701171532498805,18.242435256178485,7.973969400967567,7.973969400967567,340.78644407586376,0.0,30.02868354902995,True
39000000413,3800000000000000413,323.99397967631546,45.69918803944897,6,220.81325693347824,39.05487883236887,17.302281095669994,17.302281095669994,1531.2835606110143,0.0,36.3329322055093,True
39000000414,3800000000000000414,272.47809875509273,-24.762324967239312,4,63.336225376208304,12.401245191943941,8.18157608753544,8.18157608753544,157.79088231071273,0.0,12.398397559698767,True
39000000415,3800000000000000415,32.6383518633618,43.39693114965635,6,90.3264462121584,17.04594840279135,12.873381779714682,12.873381779714682,296.564356950625,0.0,23.712071186651148,True
39000000416,3800000000000000416,36.69616993773908,24.293007259587917,8,224.99267054766915,104.27212223841127,55.38896313258491,55.38896313258491,10880.675476102182,0.0,124.21768604629848,True
39000000417,3800000000000000417,126.41172860045234,9.72096046891135,6,26.242003691676587,3.645135877745118,0.9344263467109476,0.9344263467109476,19.287015567224675,0.0016992802077117064,3.900512816297417,False
39000000418,3800000000000000418,275.5974074757537,-22.39533306007617,8,213.37394877278257,59.41797672617876,33.46434907735299,33.46434907735299,3538.49595823272,0.0,55.41819611432442,True
39000000419,3800000000000000419,155.82639844644154,-8.256196943830414,4,96.91149911147227,20.105768993917035,14.386987786960345,14.386987786960345,408.2419468367556,0.0,18.696570207197272,True
39000000420,3800000000000000420,277.9748393375216,64.66619248463196,4,203.8639405985844,90.37863878776895,18.489203803853815,18.489203803853815,8172.298349130013,0.0,134.64241582655245,True
39000000421,3800000000000000421,331.95335528603937,52.626320460484095,9,37.65204570231149,10.999132817768258,7.584775369904188,7.584775369904188,129.9809227429067,0.0,9.259094629969239,True
39000000422,3800000000000000422,353.10361256060344,9.187834718868146,8,136.35874423964663,49.85209700957318,23.970791661689024,23.970791661689024,2493.2315762518947,0.0,47.627161105633306,True
39000000423,3800000000000000423,272.82892394595603,28.3272279002867,7,158.07208924543497,36.414893096606896,23.92279871747978,23.92279871747978,1333.0444392373083,0.0,36.770599498992084,True
39000000424,3800000000000000424,99.91679734728874,27.46216359694087,9,106.82552979196768,27.51137121175757,23.045300369313274,23.045300369313274,765.8755459511232,0.0,18.035132661388317,True
39000000425,3800000000000000425,140.08428346141088,31.340663267747445,6,38.73999330209716,18.24591105680153,7.4211148252041275,7.4211148252041275,338.91327029271224,0.0,25.36385637783079,True
39000000426,3800000000000000426,341.61691500054144,23.728488738485012,5,248.2483253640084,54.7333149580713,37.902696591149926,37.902696591149926,3000.735766299431,0.0,52.09284735716828,True
39000000427,3800000000000000427,199.98323222237394,45.89659133558973,5,52.46318557219364,16.326035801200035,2.661787849158934,2.661787849158934,271.53944498206533,0.0,33.615488438913445,False
39000000428,3800000000000000428,80.1895572985334,7.142178568103347,6,60.87045880176019,20.50689292825435,14.542881998888737,14.542881998888737,426.5326575708882,0.0,17.710095379268587,True
39000000429,3800000000000000429,90.26345736073961,68.39927374646501,6,260.2504190220445,76.13392053219293,60.69888997771875,60.69888997771875,5802.373855602268,0.0,49.44987568927602,True
39000000430,3800000000000000430,251.84122540258792,2.2691687993386367,9,175.23302076516381,88.16856632407276,60.59825654318942,60.59825654318942,7782.696087642416,0.0,81.77540000171707,True
39000000431,3800000000000000431,115.07328993154492,11.922025860911113,3,33.2194692364431,5.487413127932997,0.0,0.0,33.1117028366114,6.454834122759934e-08,8.148140701662001,False
39000000432,3800000000000000432,321.04975899063675,70.51758853692918,6,193.7347394429359,58.49295509671407,29.163054419594605,29.163054419594605,3427.425795946209,0.0,60.467905129120496,True
39000000433,3800000000000000433,334.0831470388394,-1.2760141123615227,8,126.7198824959097,43.576256978670784,25.9390119455805,25.9390119455805,1906.8901722711541,0.0,37.73130964201717,True
39000000434,3800000000000000434,251.59899064214443,69.45854045024994,9,59.16666919131761,20.181574430510064,14.636132831768014,14.636132831768014,416.29594649421756,0.0,14.455465558856549,True
39000000435,3800000000000000435,143.7477321692829,25.868363048440536,5,171.96061763056966,39.416124672664935,28.599215430893544,28.599215430893544,1558.6308842110657,0.0,37.9805370865642,True
39000000436,3800000000000000436,57.63460955668005,12.25264023681462,4,21.5818859552884,1.8212777999571759,0.0,0.0,7.317052824616851,0.06245024858750592,2.439340513849705,False
39000000437,3800000000000000437,284.3683206130243,59.97060886513313,9,177.14956168846686,63.51737857102977,40.59825657716437,40.59825657716437,4043.4573805355117,0.0,56.30814723353442,True
39000000438,3800000000000000438,343.4870171007271,69.25806620703453,7,113.70713777317239,26.856567792907118,17.85488339144443,17.85488339144443,728.2752336150158,0.0,28.682489579955767,True
39000000439,3800000000000000439,297.2191221027338,73.0451344475302,4,117.91708436644652,45.686202674269275,10.299899346546779,10.299899346546779,2091.2291147944093,0.0,63.90854381603465,True
39000000441,3800000000000000441,172.03583003510076,17.287103393733283,3,40.14554761443836,5.311584191759621,0.0,0.0,31.212926626150708,1.668011733180208e-07,8.492327094898544,False
39000000442,3800000000000000442,320.5435640689987,70.74796982103734,8,250.30610515093528,101.99440702040405,36.800911651318735,36.800911651318735,10410.859063443848,0.0,121.74254719862427,True
39000000443,3800000000000000443,315.99300318938384,-18.996516182613092,6,111.59665766467819,17.51211865563823,12.138655516025489,12.138655516025489,312.6742998091525,0.0,12.811491333142605,True
39000000444,3800000000000000444,348.40808882748274,49.631493831237194,3,26.632746113407293,3.7969076899322642,1.6257255188516015,1.6257255188516015,17.416508005866763,0.0001652164702605763,4.866851171782552,False
39000000445,3800000000000000445,28.811725115737193,-3.3437207400887097,3,142.61493116676402,18.28075432614761,8.002600561640758,8.002600561640758,337.1859787329645,0.0,16.622270183965323,True
39000000446,3800000000000000446,219.74826987380558,50.37392134638635,9,65.12629860195136,17.9115972467866,13.094835471091974,13.094835471091974,329.8253159310932,0.0,14.18830767529519,True
39000000447,3800000000000000447,342.8284984563984,57.22930165317625,3,208.43957220574603,27.9099324676167,8.45849520300637,8.45849520300637,781.9643303469247,0.0,37.608362401622124,True
39000000448,3800000000000000448,11.655135818786913,34.48625392328839,4,26.008502065270655,6.174812945443781,1.7669102150572875,1.7669102150572875,42.1283149112201,3.768290346428671e-09,6.756443729607741,False
39000000449,3800000000000000449,237.3836687659337,14.75505182932298,3,88.50516999307808,23.013610717075718,0.7774263833010076,0.7774263833010076,532.6262782371024,0.0,29.667468019049277,False
39000000450,3800000000000000450,186.46738240370001,-5.091186168571863,6,66.50963927265246,15.025026063527232,8.183252364291222,8.183252364291222,231.75140820967263,0.0,14.789127107493755,True
39000000451,3800000000000000451,10.175292377991969,-28.35987094297113,5,129.5136354762604,23.06517512195088,0.0,0.0,537.0023034062618,0.0,24.1463985157204,False
39000000452,3800000000000000452,289.11404731702874,37.32545835929686,3,43.880199644767714,5.353008114903422,0.7715007432150682,0.7715007432150682,31.65469587822189,1.3374271246036074e-07,5.830911822106954,False
39000000453,3800000000000000453,105.42082408569374,44.7458825010211,8,165.41917897220165,66.11172218515318,42.73335923573009,42.73335923573009,4378.759810286876,0.0,65.74673532938347,True
39000000454,3800000000000000454,177.01652645642594,-15.9482960103042,3,161.02644890983794,28.89884823074369,1.8920030419742135,1.8920030419742135,838.1434290635575,0.0,53.02199542952413,False
39000000455,3800000000000000455,277.85151945719844,68.80521124791132,4,60.2615714741512,12.57958307377134,6.26639205805253,6.26639205805253,162.2459103099144,0.0,15.674919458420705,True
39000000456,3800000000000000456,344.4219460492066,2.9413384242343454,3,38.5240676687537,6.492803883354134,0.0,0.0,45.15650226769853,1.5645529316543616e-10,9.35866508192547,False
39000000457,3800000000000000457,140.67012517527357,51.48903012060185,3,141.68916487617426,31.073062334250974,3.7519595800476426,3.7519595800476426,968.5352028282465,0.0,41.012658772933435,False
39000000458,3800000000000000458,320.84259877132826,24.017474461893634,3,66.04426588388603,10.611438427393564,1.2951202774453128,1.2951202774453128,115.6026254983648,0.0,18.844286667427706,False
39000000459,3800000000000000459,326.51074550465233,68.33864411329722,4,264.7859201629672,53.3724256232829,5.917509772913423,5.917509772913423,2852.6158169128653,0.0,71.34701448161623,True
39000000460,3800000000000000460,171.81994771196472,56.16054494106065,9,44.52433064651537,13.27864513824283,8.136955051385534,8.136955051385534,185.32241670737994,0.0,13.363801721975422,True
39000000461,3800000000000000461,164.19794382619654,-7.380757691449059,5,192.22574795003092,59.02798470915579,42.194902654627604,42.194902654627604,3489.30297882433,0.0,68.91866371333067,True
39000000462,3800000000000000462,229.54551658065506,3.42389389550447,3,244.76088881884863,67.58359642444604,2.4573765556478144,2.4573765556478144,4570.542505662396,0.0,125.71547035320489,False
39000000463,3800000000000000463,156.39124972259862,-13.450659414946209,4,41.1548143670759,7.297897837075214,3.487695201682003,3.487695201682003,57.259312840387096,2.2623014572786815e-12,7.896921347605292,False
39000000464,3800000000000000464,284.78597165212045,21.470719514009865,7,175.40755003787277,37.9635096743009,22.633939501833787,22.633939501833787,1448.2280667907382,0.0,32.12762893080472,True
39000000465,3800000000000000465,76.5443482629527,11.17697690664135,6,106.9768973961719,37.034789326636314,20.082065053357983,20.082065053357983,1377.5756204683348,0.0,35.16515860509741,True
39000000466,3800000000000000466,134.6690690237532,-0.25224680195933047,9,148.53750545759578,52.10483935620585,28.84461760662645,28.84461760662645,2723.9142843360178,0.0,60.41108519108728,True
39000000467,3800000000000000467,238.2354557018625,49.32494389589479,5,241.85262028654367,157.90871714221032,21.447482209579622,21.447482209579622,24940.16294949859,0.0,211.13845436623322,True
39000000468,3800000000000000468,237.43091485079302,30.239371651819525,9,243.03582580287872,59.03098857673925,48.140240708310515,48.140240708310515,3493.6576123471195,0.0,36.815812787300125,True
39000000469,3800000000000000469,178.27746936175663,0.26914295928414944,5,44.5106567236508,6.642622469551199,2.4953854690839052,2.4953854690839052,49.12443327298647,5.500008226633213e-10,7.124645538315179,False
39000000470,3800000000000000470,176.4429250056415,-26.8256295330263,8,176.5101843555715,57.27548343903222,37.598382436045846,37.598382436045846,3288.4810031748543,0.0,45.08082837757942,True
39000000471,3800000000000000471,315.37183374765544,17.860001936947675,7,73.21560715215868,14.642572701041416,10.489480027928593,10.489480027928593,221.40493530528332,0.0,10.42259991375544,True
39000000472,3800000000000000472,331.70313168007067,40.35784056752682,5,121.23819694192356,24.81396904167332,18.44846982223126,18.44846982223126,620.733059601122,0.0,25.49447578259659,True
39000000473,3800000000000000473,220.68502597870986,-11.030595306962468,8,89.08241005990257,36.919513328309584,16.351987611973914,16.351987611973914,1371.050464399229,0.0,38.59396253546679,True
39000000474,3800000000000000474,63.2215923592199,10.908559949529362,6,199.44729427825456,40.3690019715439,29.01794424410234,29.01794424410234,1635.6563201785152,0.0,29.041929013842548,True
39000000475,3800000000000000475,226.00751317309357,-29.9869490598065,9,251.42162274609873,74.89897520567344,59.375863152027115,59.375863152027115,5618.856486860083,0.0,47.70023883822099,True
39000000476,3800000000000000476,213.295105667493,2.7565780552228745,7,246.92083853267246,51.03295564128686,34.88934884095941,34.88934884095941,2611.3625614855523,0.0,67.19493787698909,True
39000000477,3800000000000000477,216.16404741905228,-18.955874228683875,3,291.38971478745657,78.95300221358781,2.979554590633287,2.979554590633287,6236.576558538802,0.0,114.81321342085937,False
39000000478,3800000000000000478,288.1169493863361,38.69698169007819,6,123.93524944349613,33.34079003611165,3.2065478951833084,3.2065478951833084,1117.6082802320816,0.0,37.55808307320133,False
39000000479,3800000000000000479,311.9789624144972,57.42022748099063,5,220.25579766056924,65.02512128769912,17.521310166662523,17.521310166662523,4233.266398479981,0.0,122.77317107450165,True
39000000480,3800000000000000480,314.63928418071,67.60201019550624,3,39.05951005036303,4.609473404189796,0.8543073840387477,0.8543073840387477,24.24724506393306,5.4297224909571895e-06,7.518635376643358,False
39000000481,3800000000000000481,135.31782731939876,28.538695694179907,4,90.81257977117643,12.342526621635152,5.233005810338939,5.233005810338939,156.33796340577243,0.0,12.517342448783198,True
39000000482,3800000000000000482,159.97765042838336,63.43644964003789,8,225.06126580576358,75.4572695161051,63.6127497148721,63.6127497148721,5701.799522826124,0.0,58.89554266752028,True
39000000483,3800000000000000483,23.4971972821179,18.804601962100534,7,105.53485449254138,14.612732712197925,7.091323146038692,7.091323146038692,220.53195731813935,0.0,13.117660724928658,True
39000000484,3800000000000000484,194.42365750230184,15.570453234887083,8,226.95366407526808,102.10273360592619,45.19507612354016,45.19507612354016,10432.96820980273,0.0,114.68200897177567,True
39000000485,3800000000000000485,201.78798656223236,77.9461120252287,7,244.5034982134456,76.6475094630929,40.663786184143476,40.663786184143476,5881.840706894916,0.0,76.87678165436625,True
39000000486,3800000000000000486,317.7535549750214,2.6603758706974716,8,203.60070797294117,45.10522462919955,35.454983347979514,35.454983347979514,2042.4812888505492,0.0,31.847588978576802,True
39000000487,3800000000000000487,209.44485531997566,27.42809282510664,7,88.14713640278964,30.760871610207026,25.375853076993028,25.375853076993028,953.2312222196407,0.0,18.635914751612393,True
39000000488,3800000000000000488,305.19298732707944,11.430383697691532,3,102.59734514191622,24.843261579332772,8.910772884955701,8.910772884955701,620.1876458991519,0.0,36.80772930702196,True
39000000489,3800000000000000489,273.03290125471506,-7.383458905695331,8,117.73772335822677,24.040960069047774,21.000908898694263,21.000908898694263,585.9677610415495,0.0,15.09154632335345,True
39000000491,3800000000000000491,77.98177287939109,62.886532998636284,8,194.33817416966332,63.75025008684249,37.7009248031275,37.7009248031275,4072.094386134961,0.0,59.476524474847565,True
39000000492,3800000000000000492,97.89463348469542,12.251749614337143,6,139.87808467062882,33.39978763892032,22.389236254749495,22.389236254749495,1121.5458143249746,0.0,26.08094019180635,True
39000000493,3800000000000000493,240.56532611184377,48.8572593157005,6,77.4547608990476,20.635732242906602,9.135387308442215,9.135387308442215,431.8334452009351,0.0,22.595689149862086,True
39000000494,3800000000000000494,301.72770921792994,4.447725714839692,9,216.4071245023595,57.67882111190441,37.72284866004794,37.72284866004794,3335.8464048590704,0.0,50.94591018249998,True
39000000495,3800000000000000495,172.66750423182964,67.63478897907441,4,97.46955735039433,16.484843161582926,11.292231555890902,11.292231555890902,275.7500540619873,0.0,13.585874933832605,True
39000000496,3800000000000000496,19.923119478163027,59.08587809454605,3,103.20093011732982,14.699071115400734,3.8933079654363083,3.8933079654363083,219.0626916556082,0.0,17.860597337800893,False
39000000497,3800000000000000497,304.55326528056474,59.364273243444686,6,119.30271504186771,42.29100007272483,16.770974999167716,16.770974999167716,1794.5286871512112,0.0,54.191136665894135,True
39000000498,3800000000000000498,260.6399546830425,30.608816894584564,7,87.72826348258648,16.230871797557263,13.752960030979306,13.752960030979306,270.4411993087398,0.0,9.028278983617321,True
39000000499,3800000000000000499,316.43723079311405,53.015077295495544,3,47.94409906992758,10.850450093378653,1.7671846344905124,1.7671846344905124,120.73226722890081,0.0,15.315414550429646,False
